,STT,Date,Max Temp,Avg Temp,Min Temp,Max Dew Point,Avg Dew Point,Min Dew Point,Max Humidity,Avg Humidity,Min Humidity,Max Wind Speed,Avg Wind Speed,Min Wind Speed,Max Pressure,Avg Pressure,Min Pressure
0,1,2021-01-01,86,77.3,73.0,63,61.2,61.0,65,57.2,45.0,12,7.3,5.0,29.9,29.8,29.8
1,2,2021-01-02,88,78.5,72.0,66,63.0,61.0,73,59.5,45.0,12,6.5,2.0,29.9,29.8,29.7
2,3,2021-01-03,90,80.5,72.0,73,67.9,63.0,83,67.0,46.0,7,4.1,2.0,29.9,29.8,29.7
3,4,2021-01-04,91,82.0,75.0,77,70.1,64.0,94,70.0,41.0,10,4.6,1.0,29.9,29.8,29.7
4,5,2021-01-05,90,81.6,75.0,77,71.5,66.0,89,72.3,46.0,9,4.0,1.0,29.9,29.8,29.7
5,6,2021-01-06,90,82.2,75.0,75,70.5,66.0,84,68.6,46.0,7,4.3,1.0,29.8,29.8,29.7
6,7,2021-01-07,93,82.8,75.0,75,70.2,61.0,94,68.5,34.0,10,3.9,1.0,29.8,29.7,29.7
7,8,2021-01-08,93,81.8,75.0,75,72.1,66.0,94,74.2,43.0,10,3.5,1.0,29.8,29.7,29.7
8,9,2021-01-09,91,81.0,73.0,70,64.9,61.0,78,59.6,36.0,9,4.3,1.0,29.9,29.8,29.7
9,10,2021-01-10,88,78.8,70.0,72,65.7,63.0,83,65.1,46.0,7,3.6,1.0,29.9,29.8,29.7
10,11,2021-01-11,90,79.6,72.0,72,64.4,61.0,83,61.8,38.0,10,4.5,1.0,29.9,29.8,29.7
11,12,2021-01-12,88,77.3,70.0,63,58.9,57.0,73,54.4,35.0,10,6.5,3.0,29.9,29.8,29.8
12,13,2021-01-13,82,74.0,66.0,66,60.2,57.0,78,63.0,45.0,9,4.5,1.0,29.9,29.8,29.8
13,14,2021-01-14,86,75.9,64.0,68,65.1,63.0,94,71.1,48.0,9,3.8,1.0,29.9,29.8,29.8
14,15,2021-01-15,88,77.8,70.0,70,65.8,61.0,100,68.6,43.0,12,4.3,1.0,29.9,29.8,29.7
15,16,2021-01-16,90,82.5,75.0,72,66.2,61.0,83,59.8,38.0,12,6.8,3.0,29.8,29.8,29.7
16,17,2021-01-17,90,79.3,72.0,70,63.7,57.0,94,62.0,33.0,13,6.3,1.0,29.9,29.8,29.8
17,18,2021-01-18,88,78.3,68.0,66,58.7,52.0,78,53.0,31.0,12,6.3,1.0,29.9,29.8,29.8
18,19,2021-01-19,82,75.1,68.0,68,60.7,55.0,83,61.4,48.0,9,4.0,1.0,29.9,29.8,29.8
19,20,2021-01-20,88,79.7,70.0,73,66.5,63.0,88,66.1,43.0,8,3.8,1.0,29.9,29.8,29.7
20,21,2021-01-21,90,81.0,75.0,75,70.6,64.0,94,74.0,43.0,10,5.3,1.0,29.9,29.8,29.7
21,22,2021-01-22,88,79.5,75.0,75,73.2,70.0,94,82.5,55.0,8,5.6,2.0,29.9,29.8,29.7
22,23,2021-01-23,90,80.7,75.0,75,72.3,64.0,100,77.7,43.0,14,4.7,2.0,29.9,29.8,29.7
23,24,2021-01-24,88,80.5,75.0,73,71.6,68.0,89,74.7,52.0,12,5.0,1.0,29.9,29.8,29.7
24,25,2021-01-25,90,80.5,75.0,75,72.2,70.0,94,76.8,52.0,13,4.3,1.0,29.9,29.8,29.7
25,26,2021-01-26,91,82.2,77.0,73,69.8,64.0,89,68.1,41.0,12,4.1,1.0,29.9,29.8,29.7
26,27,2021-01-27,91,81.6,75.0,73,70.6,66.0,89,70.2,46.0,10,4.8,1.0,29.9,29.8,29.7
27,28,2021-01-28,91,80.9,75.0,75,70.7,66.0,89,72.3,43.0,12,4.9,1.0,29.9,29.8,29.7
28,29,2021-01-29,91,80.7,73.0,70,63.6,57.0,78,58.2,31.0,9,4.9,2.0,29.9,29.8,29.8
29,30,2021-01-30,88,78.9,70.0,70,64.7,61.0,88,62.7,46.0,8,3.9,1.0,29.9,29.8,29.8
30,31,2021-01-31,93,81.0,75.0,72,68.0,61.0,83,66.3,34.0,13,4.4,1.0,29.9,29.8,29.8
31,32,2021-02-01,91,80.8,75.0,73,69.2,63.0,89,69.7,38.0,13,4.7,1.0,29.9,29.8,29.8
32,33,2021-02-02,91,80.0,73.0,72,66.2,59.0,94,64.8,36.0,12,5.4,1.0,29.9,29.9,29.8
33,34,2021-02-03,90,80.0,73.0,70,67.3,64.0,83,66.8,43.0,10,4.2,1.0,29.9,29.8,29.8
34,35,2021-02-04,93,81.1,70.0,72,66.0,61.0,89,62.4,34.0,9,3.7,1.0,29.9,29.9,29.8
35,36,2021-02-05,91,82.1,77.0,73,70.7,66.0,89,70.3,43.0,12,5.2,2.0,29.9,29.8,29.8
36,37,2021-02-06,91,81.5,75.0,73,70.4,64.0,89,70.3,43.0,12,4.1,2.0,29.9,29.8,29.7
37,38,2021-02-07,88,81.0,75.0,75,72.7,70.0,94,77.1,55.0,12,4.0,2.0,29.9,29.8,29.7
38,39,2021-02-08,90,79.4,73.0,75,73.4,72.0,100,83.3,55.0,10,5.1,1.0,29.9,29.8,29.7
39,40,2021-02-09,91,82.4,75.0,75,71.4,66.0,94,71.9,43.0,10,4.5,1.0,29.9,29.8,29.7
40,41,2021-02-10,90,82.1,77.0,75,72.6,68.0,89,74.2,52.0,9,4.5,1.0,29.9,29.8,29.7
41,42,2021-02-11,84,79.3,77.0,75,73.2,72.0,89,82.6,70.0,8,4.5,1.0,29.9,29.8,29.7
42,43,2021-02-12,90,79.5,75.0,73,70.4,64.0,89,74.6,46.0,13,4.9,1.0,29.9,29.8,29.8
43,44,2021-02-13,88,79.2,73.0,72,68.8,63.0,94,71.8,43.0,13,5.0,1.0,29.9,29.9,29.8
44,45,2021-02-14,86,77.3,73.0,70,68.6,64.0,88,75.0,48.0,13,6.6,1.0,30.0,29.9,29.8
45,46,2021-02-15,88,76.8,70.0,72,68.6,66.0,100,76.5,52.0,12,5.9,1.0,29.9,29.8,29.8
46,47,2021-02-16,88,77.8,72.0,70,67.8,61.0,94,73.2,40.0,15,7.8,1.0,29.9,29.8,29.8
47,48,2021-02-17,90,79.7,72.0,68,65.2,59.0,88,64.1,36.0,12,6.3,1.0,29.9,29.8,29.8
48,49,2021-02-18,88,79.2,68.0,70,64.0,55.0,94,61.7,33.0,9,3.1,1.0,30.0,29.9,29.8
49,50,2021-02-19,91,80.3,70.0,68,61.1,57.0,74,53.6,31.0,12,5.2,1.0,30.0,29.9,29.8
50,51,2021-02-20,91,80.3,72.0,68,60.7,46.0,78,54.5,21.0,10,4.6,1.0,30.0,29.9,29.8
51,52,2021-02-21,91,79.4,72.0,70,63.6,57.0,94,61.8,31.0,12,4.7,1.0,29.9,29.9,29.8
52,53,2021-02-22,88,78.5,73.0,70,66.3,63.0,88,67.8,43.0,14,6.7,1.0,29.9,29.8,29.7
53,54,2021-02-23,91,79.2,72.0,72,67.7,61.0,94,70.0,36.0,14,5.3,1.0,29.9,29.8,29.7
54,55,2021-02-24,90,80.0,75.0,72,70.1,68.0,89,72.5,49.0,13,6.6,3.0,29.9,29.8,29.7
55,56,2021-02-25,90,80.8,73.0,73,71.0,70.0,89,72.9,52.0,10,5.6,1.0,29.8,29.7,29.6
56,57,2021-02-26,91,82.0,77.0,75,73.0,70.0,89,76.3,49.0,10,6.5,2.0,29.8,29.7,29.6
57,58,2021-02-27,91,83.0,79.0,75,73.3,70.0,89,74.1,49.0,10,6.2,2.0,29.8,29.7,29.6
58,59,2021-02-28,93,83.2,77.0,75,71.7,68.0,89,69.8,46.0,15,9.2,5.0,29.8,29.8,29.7
59,60,2021-03-01,93,83.5,77.0,75,72.3,70.0,89,70.8,46.0,13,9.0,5.0,29.9,29.8,29.8
60,61,2021-03-02,93,83.8,77.0,75,72.7,70.0,89,71.1,49.0,14,8.3,5.0,29.9,29.8,29.8
61,62,2021-03-03,95,84.0,77.0,73,70.7,64.0,89,66.7,36.0,12,6.5,2.0,29.9,29.8,29.8
62,63,2021-03-04,97,84.9,77.0,72,68.6,64.0,83,60.2,34.0,14,9.2,5.0,29.9,29.8,29.8
63,64,2021-03-05,97,83.7,75.0,72,66.1,54.0,83,58.7,23.0,16,10.7,5.0,29.9,29.8,29.8
64,65,2021-03-06,95,83.7,73.0,73,67.5,61.0,88,60.5,32.0,13,6.7,1.0,29.9,29.9,29.8
65,66,2021-03-07,95,84.0,77.0,73,70.4,66.0,89,65.1,41.0,15,9.0,2.0,29.9,29.8,29.8
66,67,2021-03-08,95,84.7,77.0,73,67.3,57.0,89,58.4,28.0,13,6.4,1.0,29.9,29.8,29.7
67,68,2021-03-09,95,84.3,77.0,73,68.7,61.0,83,61.7,32.0,14,7.2,2.0,29.9,29.8,29.7
68,69,2021-03-10,95,84.5,77.0,72,68.3,59.0,83,60.0,30.0,13,5.8,2.0,29.9,29.8,29.7
69,70,2021-03-11,95,85.1,77.0,73,68.4,61.0,83,59.1,32.0,17,7.7,2.0,29.9,29.8,29.7
70,71,2021-03-12,95,86.0,79.0,70,65.6,57.0,74,52.6,28.0,12,6.4,1.0,29.9,29.8,29.7
71,72,2021-03-13,95,85.2,79.0,72,66.4,61.0,78,55.3,32.0,14,6.3,1.0,29.9,29.8,29.7
72,73,2021-03-14,95,83.0,75.0,73,69.2,57.0,94,66.1,28.0,17,6.8,1.0,29.9,29.8,29.7
73,74,2021-03-15,93,82.8,77.0,72,70.1,66.0,83,66.5,41.0,13,6.2,2.0,29.9,29.8,29.7
74,75,2021-03-16,91,82.3,77.0,73,72.3,70.0,89,72.4,52.0,14,7.7,3.0,29.9,29.8,29.7
75,76,2021-03-17,91,82.5,77.0,73,71.2,66.0,89,69.6,46.0,12,7.6,2.0,29.9,29.8,29.7
76,77,2021-03-18,91,83.3,77.0,75,72.7,70.0,89,71.8,52.0,13,7.8,3.0,29.8,29.8,29.7
77,78,2021-03-19,93,84.7,79.0,75,73.9,70.0,89,71.8,46.0,12,7.5,2.0,29.8,29.7,29.6
78,79,2021-03-20,91,84.5,81.0,77,75.0,72.0,89,74.4,55.0,10,7.1,3.0,29.8,29.7,29.6
79,80,2021-03-21,95,85.1,81.0,77,74.0,70.0,84,70.8,44.0,16,7.3,1.0,29.8,29.7,29.6
80,81,2021-03-22,97,86.5,77.0,75,71.2,61.0,89,63.6,30.0,12,5.8,1.0,29.8,29.8,29.7
81,82,2021-03-23,97,86.2,79.0,75,69.1,63.0,79,58.4,32.0,12,5.9,1.0,29.8,29.8,29.7
82,83,2021-03-24,97,86.7,81.0,73,70.0,64.0,79,59.3,36.0,17,7.7,2.0,29.8,29.7,29.6
83,84,2021-03-25,97,86.7,81.0,75,71.0,66.0,74,60.3,37.0,12,7.1,2.0,29.9,29.1,29.6
84,85,2021-03-26,97,85.9,79.0,73,70.8,66.0,78,61.8,37.0,16,9.4,5.0,29.8,27.7,29.6
85,86,2021-03-27,97,86.3,81.0,75,72.1,66.0,84,64.7,37.0,13,8.8,2.0,29.8,29.7,29.6
86,87,2021-03-28,97,85.6,79.0,75,72.1,66.0,89,66.9,37.0,14,8.1,2.0,29.8,29.7,29.6
87,88,2021-03-29,95,85.5,81.0,77,73.2,68.0,89,68.8,41.0,12,6.5,1.0,29.8,29.7,29.6
88,89,2021-03-30,97,85.0,81.0,79,74.9,70.0,89,73.6,41.0,10,6.7,2.0,29.8,29.7,29.6
89,90,2021-03-31,97,86.3,81.0,79,75.7,70.0,89,72.4,41.0,12,7.1,1.0,29.7,29.6,29.6
90,91,2021-04-01,97,86.8,81.0,77,73.8,66.0,89,67.5,37.0,12,7.3,2.0,29.8,29.7,29.6
91,92,2021-04-02,99,88.0,82.0,81,75.2,66.0,94,68.5,35.0,13,6.6,1.0,29.8,29.7,29.6
92,93,2021-04-03,95,84.0,73.0,79,75.2,72.0,100,76.8,47.0,16,6.8,1.0,29.8,29.7,29.6
93,94,2021-04-04,93,84.4,75.0,79,75.1,72.0,94,74.6,49.0,16,7.9,2.0,29.8,29.1,29.6
94,95,2021-04-05,93,85.1,79.0,77,73.2,68.0,94,69.0,46.0,10,6.6,1.0,29.9,29.8,29.7
95,96,2021-04-06,97,86.8,79.0,75,68.8,61.0,89,57.5,32.0,12,8.2,3.0,29.9,29.8,29.7
96,97,2021-04-07,97,86.5,79.0,75,70.8,64.0,83,62.3,34.0,12,6.6,2.0,29.9,29.8,29.7
97,98,2021-04-08,91,83.8,81.0,77,74.7,72.0,89,75.0,55.0,13,6.3,1.0,29.9,29.8,29.7
98,99,2021-04-09,90,83.3,77.0,77,75.8,72.0,89,79.3,62.0,12,6.0,1.0,29.9,29.8,29.7
99,100,2021-04-10,95,84.6,79.0,77,75.3,68.0,94,75.4,41.0,12,5.0,1.0,29.9,29.8,29.7
100,101,2021-04-11,95,85.5,81.0,79,73.0,68.0,84,67.3,41.0,12,7.8,5.0,29.9,29.8,29.8
101,102,2021-04-12,95,84.7,79.0,75,73.2,70.0,89,69.7,44.0,14,7.2,3.0,29.9,29.8,29.8
102,103,2021-04-13,93,85.5,81.0,77,75.7,73.0,89,73.7,55.0,13,8.1,2.0,29.9,29.8,29.7
103,104,2021-04-14,95,86.0,82.0,79,75.1,70.0,89,70.7,47.0,10,6.3,2.0,29.9,29.8,29.7
104,105,2021-04-15,95,83.8,75.0,81,76.0,72.0,100,78.9,47.0,12,4.7,2.0,29.9,29.8,29.7
105,106,2021-04-16,93,82.9,72.0,79,74.2,68.0,100,76.4,46.0,31,6.6,2.0,29.9,29.8,29.7
106,107,2021-04-17,91,83.0,72.0,77,75.3,72.0,100,79.8,55.0,18,4.3,1.0,29.9,29.8,29.7
107,108,2021-04-18,90,83.1,77.0,79,76.2,73.0,100,80.8,59.0,12,5.7,1.0,29.9,29.8,29.7
108,109,2021-04-19,91,83.6,79.0,79,75.3,72.0,94,77.9,52.0,18,4.5,1.0,29.9,29.8,29.7
109,110,2021-04-20,93,85.5,79.0,79,76.1,72.0,94,75.0,49.0,14,5.0,1.0,29.8,29.8,29.7
110,111,2021-04-21,91,85.2,81.0,79,78.2,73.0,94,79.8,55.0,10,6.7,3.0,29.8,29.8,29.7
111,112,2021-04-22,90,82.2,75.0,79,76.7,75.0,100,84.1,66.0,13,5.1,1.0,29.8,29.8,29.6
112,113,2021-04-23,91,82.3,77.0,79,76.7,75.0,94,84.4,59.0,10,4.8,1.0,29.8,29.7,29.6
113,114,2021-04-24,93,84.4,79.0,79,76.7,72.0,100,79.5,49.0,14,4.7,1.0,29.8,29.7,29.6
114,115,2021-04-25,95,85.2,79.0,77,75.6,70.0,94,74.6,46.0,14,5.8,1.0,29.8,29.8,29.7
115,116,2021-04-26,95,86.5,79.0,79,76.4,72.0,94,73.4,47.0,13,6.4,1.0,29.8,29.8,29.6
116,117,2021-04-27,93,85.6,79.0,79,76.9,70.0,94,76.1,46.0,10,6.0,1.0,29.9,29.8,29.7
117,118,2021-04-28,93,86.0,81.0,79,75.6,68.0,94,72.3,44.0,12,7.2,1.0,29.9,29.8,29.7
118,119,2021-04-29,95,86.1,82.0,77,74.3,68.0,84,68.9,44.0,13,7.1,1.0,29.9,29.8,29.7
119,120,2021-04-30,95,86.8,82.0,79,74.7,70.0,84,68.4,44.0,14,8.0,2.0,29.9,29.8,29.7
120,121,2021-05-01,95,86.7,81.0,79,76.3,72.0,94,72.2,49.0,13,8.7,3.0,29.9,29.8,29.7
121,122,2021-05-02,97,87.4,82.0,77,75.5,70.0,84,69.0,44.0,12,8.7,5.0,29.9,29.8,29.7
122,123,2021-05-03,97,87.7,82.0,79,74.8,66.0,89,67.3,41.0,14,8.3,5.0,29.8,29.7,29.6
123,124,2021-05-04,99,87.9,79.0,77,73.5,66.0,89,64.6,37.0,12,6.3,2.0,29.8,29.7,29.6
124,125,2021-05-05,99,89.1,82.0,77,72.3,66.0,74,59.8,35.0,15,9.6,5.0,29.8,29.7,29.6
125,126,2021-05-06,99,86.5,79.0,79,74.8,68.0,94,70.0,39.0,15,8.4,1.0,29.8,29.8,29.7
126,127,2021-05-07,95,84.9,77.0,79,75.0,70.0,94,74.2,44.0,12,6.0,1.0,29.9,29.8,29.7
127,128,2021-05-08,93,84.6,81.0,81,77.5,72.0,94,79.2,55.0,13,4.2,1.0,29.8,29.8,29.7
128,129,2021-05-09,99,87.3,82.0,81,76.7,70.0,89,72.2,39.0,12,6.8,2.0,29.8,29.7,29.6
129,130,2021-05-10,95,87.5,82.0,79,76.5,72.0,89,70.8,47.0,14,7.3,5.0,29.8,29.7,29.6
130,131,2021-05-11,95,87.7,82.0,79,76.9,73.0,89,71.3,49.0,13,6.8,3.0,29.8,29.7,29.6
131,132,2021-05-12,97,87.3,82.0,79,77.5,72.0,89,73.4,44.0,10,4.9,1.0,29.8,29.7,29.6
132,133,2021-05-13,97,88.4,84.0,81,77.3,72.0,89,70.7,44.0,10,5.6,2.0,29.7,29.7,29.6
133,134,2021-05-14,95,87.4,84.0,81,78.6,75.0,89,75.0,56.0,12,6.8,3.0,29.7,29.7,29.6
134,135,2021-05-15,93,84.6,81.0,81,78.8,75.0,100,83.1,56.0,10,4.9,1.0,29.8,29.7,29.6
135,136,2021-05-16,97,86.7,79.0,81,78.1,72.0,100,77.2,44.0,12,5.5,1.0,29.8,29.7,29.6
136,137,2021-05-17,93,85.2,79.0,82,80.1,77.0,100,84.4,63.0,14,5.3,1.0,29.8,29.7,29.6
137,138,2021-05-18,93,85.1,79.0,81,78.3,73.0,100,81.1,52.0,10,4.7,1.0,29.8,29.7,29.7
138,139,2021-05-19,95,84.5,79.0,81,78.6,75.0,100,82.9,53.0,13,3.9,1.0,29.8,29.7,29.6
139,140,2021-05-20,95,86.9,79.0,81,76.1,70.0,100,73.1,44.0,10,4.2,1.0,29.8,29.7,29.6
140,141,2021-05-21,93,83.6,77.0,81,78.9,73.0,100,86.1,63.0,17,5.0,1.0,29.8,29.7,29.6
141,142,2021-05-22,91,82.4,77.0,79,78.3,75.0,100,88.3,63.0,18,5.8,1.0,29.8,29.7,29.6
142,143,2021-05-23,90,81.4,77.0,81,78.5,77.0,100,91.4,70.0,17,5.5,1.0,29.8,29.7,29.6
143,144,2021-05-24,86,80.6,77.0,81,77.8,75.0,100,91.6,74.0,10,5.3,1.0,29.8,29.7,29.6
144,145,2021-05-25,82,77.1,73.0,79,76.3,73.0,100,97.3,84.0,12,3.6,1.0,29.8,29.7,29.7
145,146,2021-05-26,86,80.6,75.0,79,77.0,75.0,100,89.1,74.0,12,4.8,1.0,29.8,29.7,29.6
146,147,2021-05-27,88,81.2,77.0,81,78.8,77.0,100,92.6,75.0,14,3.4,1.0,29.8,29.7,29.7
147,148,2021-05-28,91,84.3,79.0,81,78.2,75.0,100,82.7,59.0,8,4.2,1.0,29.9,29.8,29.7
148,149,2021-05-29,95,84.7,79.0,81,78.4,75.0,100,82.3,56.0,16,4.9,1.0,29.8,29.8,29.7
149,150,2021-05-30,95,87.0,79.0,82,77.8,72.0,100,76.0,47.0,8,4.7,1.0,29.8,29.7,29.6
150,151,2021-05-31,93,87.2,81.0,82,79.7,77.0,100,78.7,59.0,13,7.8,5.0,29.8,29.7,29.6
151,152,2021-06-01,93,85.6,82.0,82,80.1,77.0,94,83.0,59.0,13,6.6,2.0,29.8,29.7,29.6
152,153,2021-06-02,93,83.6,75.0,82,78.1,77.0,100,86.3,59.0,17,5.5,1.0,29.8,29.7,29.6
153,154,2021-06-03,95,86.5,79.0,82,78.8,75.0,100,78.9,53.0,9,5.3,1.0,29.8,29.7,29.6
154,155,2021-06-04,95,87.6,81.0,82,78.7,72.0,100,76.2,47.0,10,6.7,1.0,29.8,29.7,29.6
155,156,2021-06-05,95,86.1,81.0,82,78.6,75.0,100,79.1,53.0,13,8.9,5.0,29.8,29.7,29.6
156,157,2021-06-06,91,83.5,81.0,82,78.7,75.0,94,85.8,66.0,22,6.9,1.0,29.8,29.7,29.7
157,158,2021-06-07,91,82.9,75.0,81,78.3,75.0,100,86.6,59.0,24,10.0,2.0,29.8,29.7,29.7
158,159,2021-06-08,84,79.6,75.0,81,76.7,75.0,100,91.3,79.0,18,6.1,2.0,29.8,29.1,29.7
159,160,2021-06-09,90,82.5,77.0,81,77.2,73.0,100,85.1,62.0,21,5.8,1.0,29.8,29.7,29.7
160,161,2021-06-10,90,82.3,79.0,81,77.3,73.0,100,85.4,62.0,17,8.5,1.0,29.8,29.7,29.6
161,162,2021-06-11,91,82.9,77.0,79,76.6,73.0,100,83.3,55.0,15,8.2,2.0,29.8,29.7,29.6
162,163,2021-06-12,90,82.2,77.0,79,75.3,72.0,100,81.2,59.0,20,9.8,3.0,29.8,29.7,29.7
163,164,2021-06-13,91,84.1,79.0,79,76.7,73.0,94,79.4,62.0,16,9.7,1.0,29.8,29.7,29.7
164,165,2021-06-14,93,84.4,81.0,81,76.7,73.0,94,79.3,52.0,23,8.9,2.0,29.8,29.7,29.7
165,166,2021-06-15,91,81.9,77.0,81,78.5,75.0,100,90.2,63.0,15,6.0,2.0,29.8,29.7,29.7
166,167,2021-06-16,91,84.3,79.0,82,78.6,75.0,100,83.5,62.0,12,5.7,1.0,29.8,29.8,29.7
167,168,2021-06-17,95,85.4,77.0,81,77.3,72.0,100,78.9,47.0,12,4.5,1.0,29.9,29.8,29.7
168,169,2021-06-18,93,85.6,79.0,79,77.3,72.0,100,77.9,52.0,13,5.6,1.0,29.8,29.8,29.7
169,170,2021-06-19,93,85.5,81.0,82,79.4,73.0,100,82.3,59.0,15,7.2,2.0,29.8,29.8,29.7
170,171,2021-06-20,95,85.5,77.0,81,77.4,70.0,100,78.3,44.0,15,8.0,2.0,29.8,29.7,29.6
171,172,2021-06-21,90,83.4,77.0,81,78.0,75.0,100,83.7,70.0,18,9.0,1.0,29.8,29.7,29.6
172,173,2021-06-22,90,82.7,77.0,81,78.7,77.0,100,87.9,66.0,20,9.3,6.0,29.8,29.8,29.7
173,174,2021-06-23,91,82.5,77.0,81,78.0,75.0,100,86.8,66.0,22,7.0,1.0,29.8,29.8,29.7
174,175,2021-06-24,93,84.9,77.0,81,77.8,75.0,100,80.0,56.0,12,5.9,1.0,29.8,29.7,29.6
175,176,2021-06-25,93,84.4,79.0,81,78.7,73.0,100,83.7,52.0,13,7.0,1.0,29.8,29.7,29.6
176,177,2021-06-26,93,85.5,81.0,81,78.8,75.0,100,81.3,59.0,9,6.6,2.0,29.8,29.8,29.7
177,178,2021-06-27,95,86.8,81.0,81,76.8,68.0,100,73.9,44.0,12,6.6,2.0,29.9,29.8,29.7
178,179,2021-06-28,95,86.7,81.0,81,77.3,72.0,94,74.8,47.0,16,8.4,5.0,29.8,29.8,29.7
179,180,2021-06-29,95,86.3,81.0,81,78.0,72.0,100,77.5,47.0,12,6.3,1.0,29.8,29.7,29.6
180,181,2021-06-30,93,85.1,81.0,82,79.4,75.0,100,82.8,56.0,13,7.4,3.0,29.8,29.7,29.7
181,182,2021-07-01,95,86.3,81.0,81,76.9,70.0,100,75.5,44.0,13,7.7,2.0,29.8,29.7,29.7
182,183,2021-07-02,95,87.5,81.0,82,77.1,70.0,94,72.5,47.0,12,7.5,5.0,29.8,29.8,29.7
183,184,2021-07-03,97,87.1,81.0,81,77.8,73.0,100,75.3,47.0,13,5.7,2.0,29.8,29.7,29.6
184,185,2021-07-04,91,83.9,81.0,84,79.3,72.0,100,86.5,70.0,21,6.1,1.0,29.7,29.7,29.6
185,186,2021-07-05,90,81.6,77.0,82,79.2,75.0,100,92.3,70.0,14,4.5,1.0,29.7,29.7,29.6
186,187,2021-07-06,88,81.6,77.0,82,78.4,77.0,100,90.4,79.0,21,6.9,1.0,29.7,29.7,29.6
187,188,2021-07-07,93,82.0,77.0,79,76.8,73.0,100,86.0,52.0,26,8.3,2.0,29.8,29.7,29.6
188,189,2021-07-08,88,81.2,77.0,81,77.5,77.0,100,89.0,70.0,13,7.2,3.0,29.8,29.7,29.6
189,190,2021-07-09,88,82.2,77.0,79,75.9,72.0,100,82.3,58.0,14,7.4,1.0,29.8,29.7,29.6
190,191,2021-07-10,91,85.0,79.0,79,76.0,73.0,94,75.9,55.0,9,5.6,1.0,29.8,29.7,29.6
191,192,2021-07-11,95,86.2,81.0,79,75.9,70.0,94,72.9,44.0,12,4.7,1.0,29.8,29.8,29.7
192,193,2021-07-12,95,85.1,79.0,81,76.4,72.0,100,76.7,47.0,14,5.3,1.0,29.8,29.7,29.7
193,194,2021-07-13,93,84.6,77.0,79,76.2,70.0,100,77.3,49.0,9,3.9,1.0,29.8,29.7,29.6
194,195,2021-07-14,91,82.3,77.0,79,77.0,75.0,100,85.2,62.0,9,4.3,1.0,29.8,29.7,29.6
195,196,2021-07-15,91,80.9,77.0,79,76.8,75.0,100,88.5,62.0,14,5.1,1.0,29.8,29.7,29.6
196,197,2021-07-16,93,83.7,75.0,79,75.2,72.0,100,77.3,55.0,12,5.9,1.0,29.8,29.8,29.7
197,198,2021-07-17,91,84.8,79.0,79,76.0,73.0,100,76.9,55.0,15,8.3,3.0,29.8,29.7,29.6
198,199,2021-07-18,91,83.3,79.0,79,76.6,72.0,94,81.4,52.0,24,11.0,1.0,29.8,29.7,29.6
199,200,2021-07-19,91,79.4,72.0,81,74.1,70.0,100,85.5,59.0,25,6.7,1.0,29.8,29.7,29.6
200,201,2021-07-20,91,81.3,77.0,79,75.1,72.0,94,82.5,63.0,17,6.2,1.0,29.8,29.8,29.7
201,202,2021-07-21,88,81.9,79.0,81,76.5,73.0,100,84.8,62.0,21,10.8,3.0,29.8,29.7,29.7
202,203,2021-07-22,90,81.1,73.0,79,77.0,72.0,100,87.8,70.0,17,9.0,1.0,29.8,29.7,29.6
203,204,2021-07-23,88,81.0,73.0,81,78.7,73.0,100,92.8,75.0,23,8.8,3.0,29.7,29.1,29.6
204,205,2021-07-24,91,84.9,81.0,81,78.7,77.0,100,82.3,63.0,22,13.0,7.0,29.7,29.7,29.6
205,206,2021-07-25,90,81.6,75.0,79,76.7,75.0,100,86.2,62.0,21,9.7,2.0,29.8,29.7,29.6
206,207,2021-07-26,91,84.0,79.0,79,77.2,75.0,94,80.7,63.0,20,11.7,5.0,29.8,29.7,29.6
207,208,2021-07-27,91,82.0,77.0,81,78.2,77.0,100,89.3,70.0,25,11.2,6.0,29.7,29.7,29.6
208,209,2021-07-28,88,81.2,77.0,81,77.2,73.0,100,88.3,75.0,26,11.1,6.0,29.7,29.7,29.6
209,210,2021-07-29,90,80.6,77.0,81,78.1,75.0,100,92.5,70.0,20,9.4,3.0,29.8,29.7,29.6
210,211,2021-07-30,90,82.9,77.0,81,77.8,77.0,100,85.4,66.0,17,10.1,1.0,29.8,29.7,29.7
211,212,2021-07-31,91,85.3,79.0,81,78.4,77.0,100,80.3,63.0,16,11.5,6.0,29.8,29.7,29.6
212,213,2021-08-01,93,83.9,79.0,79,78.0,75.0,100,83.6,59.0,18,11.8,7.0,29.7,29.7,29.6
213,214,2021-08-02,90,83.8,79.0,81,78.6,77.0,100,84.7,66.0,18,12.8,6.0,29.8,29.7,29.6
214,215,2021-08-03,91,84.8,81.0,79,77.9,75.0,94,80.6,63.0,22,14.1,8.0,29.8,29.7,29.6
215,216,2021-08-04,91,84.1,79.0,79,78.3,75.0,100,82.9,63.0,21,12.6,5.0,29.8,29.7,29.7
216,217,2021-08-05,91,84.3,81.0,81,78.6,77.0,94,83.3,66.0,20,14.1,9.0,29.8,29.7,29.7
217,218,2021-08-06,91,85.1,81.0,81,78.0,75.0,94,80.2,62.0,17,12.3,8.0,29.8,29.7,29.7
218,219,2021-08-07,93,85.5,81.0,79,78.0,73.0,94,78.7,59.0,17,9.8,8.0,29.8,29.8,29.7
219,220,2021-08-08,93,85.9,81.0,81,79.0,77.0,94,79.9,63.0,14,8.9,5.0,29.8,29.7,29.7
220,221,2021-08-09,95,86.3,81.0,81,78.4,73.0,94,77.4,56.0,15,8.5,3.0,29.8,29.7,29.6
221,222,2021-08-10,95,84.3,79.0,81,78.4,75.0,100,83.3,56.0,15,7.7,3.0,29.8,29.7,29.6
222,223,2021-08-11,91,82.4,77.0,81,77.8,75.0,94,86.8,66.0,17,6.0,1.0,29.9,29.8,29.7
223,224,2021-08-12,88,82.4,77.0,81,77.1,75.0,100,84.4,70.0,16,4.8,1.0,29.9,29.8,29.8
224,225,2021-08-13,93,83.4,79.0,81,77.1,75.0,100,82.3,56.0,16,5.8,1.0,29.8,29.8,29.7
225,226,2021-08-14,91,84.2,79.0,79,77.1,75.0,94,80.2,59.0,13,6.4,1.0,29.8,29.7,29.6
226,227,2021-08-15,88,83.4,79.0,79,76.9,75.0,94,81.6,66.0,7,3.4,1.0,29.9,29.8,29.7
227,228,2021-08-16,95,83.5,75.0,79,75.3,70.0,100,79.3,44.0,14,3.9,1.0,29.9,29.8,29.7
228,229,2021-08-17,93,81.8,72.0,79,76.1,72.0,100,84.4,56.0,16,3.4,1.0,29.9,29.8,29.7
229,230,2021-08-18,93,82.1,72.0,79,75.3,72.0,100,82.3,52.0,14,3.7,1.0,29.9,29.8,29.6
230,231,2021-08-19,95,82.7,75.0,79,74.6,70.0,100,78.9,46.0,12,3.8,1.0,29.8,29.7,29.6
231,232,2021-08-20,91,81.5,75.0,79,76.2,73.0,100,85.1,59.0,15,3.2,1.0,29.9,29.8,29.7
232,233,2021-08-21,93,82.0,73.0,79,76.2,72.0,100,84.5,52.0,23,2.7,1.0,29.8,29.8,29.7
233,234,2021-08-22,93,84.5,79.0,81,77.4,73.0,100,80.7,52.0,15,5.8,1.0,29.8,29.7,29.6
234,235,2021-08-23,90,81.7,77.0,81,77.6,73.0,100,88.4,66.0,17,5.4,1.0,29.8,29.7,29.7
235,236,2021-08-24,90,80.7,75.0,79,77.3,75.0,100,90.5,62.0,18,4.9,1.0,29.8,29.7,29.6
236,237,2021-08-25,90,81.2,77.0,79,76.9,73.0,100,87.7,66.0,16,6.4,2.0,29.8,29.7,29.6
237,238,2021-08-26,90,80.2,77.0,79,76.6,75.0,100,89.5,66.0,14,5.2,1.0,29.8,29.7,29.7
238,239,2021-08-27,91,83.3,77.0,79,76.3,73.0,100,81.0,55.0,10,3.8,1.0,29.8,29.7,29.6
239,240,2021-08-28,90,79.7,75.0,79,76.7,73.0,100,91.2,70.0,10,3.6,1.0,29.8,29.7,29.6
240,241,2021-08-29,90,81.4,75.0,79,76.2,73.0,100,85.5,62.0,9,3.9,1.0,29.8,29.7,29.6
241,242,2021-08-30,93,81.0,73.0,79,76.3,73.0,100,87.3,56.0,13,3.3,1.0,29.8,29.7,29.6
242,243,2021-08-31,93,81.5,77.0,81,77.2,75.0,100,87.7,56.0,10,2.6,1.0,29.8,29.8,29.7
243,244,2021-09-01,91,83.2,77.0,79,76.8,73.0,100,82.0,59.0,9,3.9,1.0,29.8,29.7,29.6
244,245,2021-09-02,88,81.9,77.0,81,76.6,75.0,94,84.5,70.0,13,3.9,1.0,29.8,29.7,29.6
245,246,2021-09-03,90,82.1,77.0,79,76.8,75.0,100,85.0,66.0,14,6.2,1.0,29.8,29.7,29.6
246,247,2021-09-04,88,80.5,77.0,79,76.7,75.0,100,89.5,66.0,15,5.5,1.0,29.8,29.7,29.7
247,248,2021-09-05,90,80.7,75.0,79,75.6,75.0,100,85.9,62.0,12,4.9,1.0,29.8,29.8,29.7
248,249,2021-09-06,91,82.0,75.0,77,75.3,73.0,100,82.0,59.0,12,4.5,1.0,29.8,29.8,29.7
249,250,2021-09-07,91,82.3,77.0,79,76.8,75.0,100,84.5,59.0,14,4.2,1.0,29.8,29.7,29.6
250,251,2021-09-08,90,82.3,79.0,81,76.9,75.0,94,84.7,66.0,20,9.1,3.0,29.8,29.7,29.6
251,252,2021-09-09,90,80.9,75.0,81,76.8,75.0,100,88.1,66.0,25,8.8,3.0,29.8,29.7,29.6
252,253,2021-09-10,88,81.4,77.0,79,77.7,75.0,100,89.2,66.0,18,8.2,3.0,29.8,29.7,29.7
253,254,2021-09-11,90,82.5,77.0,79,76.8,75.0,100,84.1,66.0,20,10.0,2.0,29.8,29.7,29.6
254,255,2021-09-12,90,81.2,73.0,79,76.7,73.0,100,87.3,66.0,20,10.2,1.0,29.7,29.6,29.6
255,256,2021-09-13,90,80.9,77.0,81,77.8,75.0,100,90.9,70.0,18,7.2,1.0,29.8,29.7,29.6
256,257,2021-09-14,86,80.2,75.0,81,78.5,75.0,100,94.3,79.0,15,3.8,1.0,29.8,29.7,29.7
257,258,2021-09-15,90,81.6,77.0,79,76.3,73.0,100,85.3,59.0,12,4.9,1.0,29.9,29.8,29.7
258,259,2021-09-16,91,82.3,77.0,79,77.6,75.0,100,86.8,59.0,12,2.8,1.0,29.9,29.8,29.7
259,260,2021-09-17,91,82.3,77.0,81,76.2,70.0,100,83.3,55.0,13,3.0,1.0,29.8,29.8,29.7
260,261,2021-09-18,93,81.8,75.0,77,76.0,73.0,100,84.2,55.0,8,3.3,1.0,29.8,29.8,29.7
261,262,2021-09-19,86,79.9,75.0,77,76.3,75.0,100,89.7,70.0,8,3.3,1.0,29.8,29.7,29.7
262,263,2021-09-20,90,80.9,75.0,79,75.3,73.0,100,84.6,59.0,17,6.3,1.0,29.8,29.7,29.7
263,264,2021-09-21,90,81.0,77.0,77,75.6,72.0,100,85.3,55.0,14,4.2,1.0,29.8,29.7,29.6
264,265,2021-09-22,90,81.8,77.0,79,76.6,73.0,100,85.2,62.0,14,5.7,1.0,29.8,29.7,29.6
265,266,2021-09-23,90,81.9,77.0,77,75.4,73.0,100,82.8,59.0,13,4.8,1.0,29.8,29.8,29.7
266,267,2021-09-24,91,81.2,75.0,79,77.6,75.0,100,89.7,63.0,14,5.9,1.0,29.8,29.7,29.7
267,268,2021-09-25,88,80.7,75.0,79,77.0,75.0,100,89.4,66.0,14,3.8,1.0,29.8,29.7,29.7
268,269,2021-09-26,90,79.7,77.0,79,77.0,75.0,100,92.3,62.0,12,2.6,1.0,29.8,29.7,29.6
269,270,2021-09-27,91,83.6,75.0,81,76.1,73.0,100,79.8,55.0,10,4.6,1.0,29.8,29.7,29.6
270,271,2021-09-28,93,84.1,79.0,79,77.0,73.0,100,80.5,52.0,9,3.4,1.0,29.8,29.7,29.6
271,272,2021-09-29,91,83.5,79.0,81,77.1,75.0,100,81.8,59.0,13,3.7,1.0,29.8,29.1,29.6
272,273,2021-09-30,90,82.0,77.0,81,77.2,73.0,100,86.5,62.0,10,3.6,1.0,29.8,29.8,29.7
273,274,2021-10-01,91,81.9,77.0,81,77.3,75.0,100,86.8,66.0,12,3.3,1.0,29.9,29.8,29.7
274,275,2021-10-02,84,78.3,75.0,81,76.0,73.0,100,92.9,79.0,14,5.3,1.0,29.9,29.8,29.7
275,276,2021-10-03,86,80.7,75.0,77,76.0,75.0,100,86.3,70.0,6,2.0,1.0,29.8,29.8,29.7
276,277,2021-10-04,90,82.2,77.0,81,77.0,73.0,100,85.4,59.0,14,2.8,1.0,29.8,29.7,29.6
277,278,2021-10-05,90,81.5,75.0,79,76.5,73.0,100,86.4,62.0,14,4.1,1.0,29.7,29.7,29.6
278,279,2021-10-06,84,79.9,77.0,79,78.3,77.0,100,94.5,79.0,7,3.4,1.0,29.7,29.6,29.6
279,280,2021-10-07,88,80.5,75.0,81,77.4,73.0,100,90.8,70.0,18,5.2,1.0,29.7,29.6,29.5
280,281,2021-10-08,88,82.1,77.0,81,77.7,75.0,100,87.2,70.0,14,9.2,2.0,29.7,29.6,29.6
281,282,2021-10-09,88,81.0,77.0,81,78.1,77.0,100,91.2,74.0,18,8.1,1.0,29.7,29.7,29.6
282,283,2021-10-10,91,82.8,79.0,81,78.7,75.0,100,88.0,59.0,17,8.1,1.0,29.7,29.7,29.6
283,284,2021-10-11,86,80.6,75.0,81,77.9,73.0,100,91.4,74.0,17,8.7,1.0,29.7,29.6,29.6
284,285,2021-10-12,88,81.3,77.0,81,77.3,75.0,100,88.0,70.0,18,10.4,3.0,29.7,29.6,29.6
285,286,2021-10-13,91,83.1,79.0,81,77.0,75.0,94,83.4,59.0,17,10.8,6.0,29.7,29.6,29.5
286,287,2021-10-14,91,83.3,81.0,81,78.7,75.0,94,85.8,66.0,16,8.4,1.0,29.7,29.6,29.6
287,288,2021-10-15,93,83.2,77.0,81,77.4,73.0,100,84.3,52.0,18,5.3,1.0,29.7,29.7,29.6
288,289,2021-10-16,86,79.6,77.0,81,76.7,73.0,100,91.3,70.0,7,3.5,1.0,29.8,29.7,29.7
289,290,2021-10-17,86,79.1,73.0,77,74.2,72.0,100,85.6,66.0,16,5.8,1.0,29.8,29.8,29.7
290,291,2021-10-18,90,83.6,79.0,77,75.7,72.0,94,78.6,58.0,8,4.5,1.0,29.9,29.8,29.7
291,292,2021-10-19,91,84.3,79.0,79,77.1,73.0,94,80.0,55.0,10,5.0,1.0,29.9,29.9,29.8
292,293,2021-10-20,91,81.0,75.0,79,77.7,75.0,100,90.8,63.0,12,3.1,1.0,29.9,29.9,29.8
293,294,2021-10-21,91,82.1,77.0,77,75.7,73.0,100,82.6,59.0,9,3.9,1.0,29.9,29.8,29.8
294,295,2021-10-22,91,81.8,77.0,79,76.5,75.0,100,85.0,59.0,10,3.9,1.0,29.9,29.9,29.8
295,296,2021-10-23,93,81.5,75.0,77,75.5,72.0,100,84.7,49.0,12,3.5,1.0,29.9,29.8,29.8
296,297,2021-10-24,91,81.1,75.0,79,76.3,73.0,100,87.4,55.0,14,3.3,1.0,29.9,29.8,29.7
297,298,2021-10-25,88,81.0,75.0,79,75.4,72.0,100,84.7,66.0,8,3.8,1.0,29.8,29.8,29.7
298,299,2021-10-26,90,82.4,77.0,77,72.2,70.0,94,72.3,52.0,10,5.4,1.0,29.8,29.7,29.7
299,300,2021-10-27,84,79.8,75.0,77,74.1,68.0,94,83.3,65.0,10,5.3,1.0,29.8,29.8,29.7
300,301,2021-10-28,91,83.0,75.0,77,73.3,72.0,94,73.7,55.0,10,5.9,2.0,29.9,29.8,29.7
301,302,2021-10-29,95,84.6,79.0,79,75.8,70.0,94,76.7,46.0,10,5.5,2.0,29.9,29.8,29.8
302,303,2021-10-30,93,82.9,77.0,79,75.6,73.0,100,80.2,52.0,16,5.7,2.0,29.9,29.8,29.8
303,304,2021-10-31,91,82.8,77.0,79,75.6,73.0,100,80.5,55.0,15,4.7,2.0,29.9,29.8,29.8
304,305,2021-11-01,93,83.8,77.0,79,76.2,73.0,100,79.6,55.0,12,4.3,2.0,29.9,29.8,29.7
305,306,2021-11-02,93,84.5,77.0,79,73.9,66.0,100,73.0,41.0,9,4.1,2.0,29.9,29.8,29.7
306,307,2021-11-03,93,85.0,77.0,77,73.6,68.0,94,70.7,44.0,9,3.6,2.0,29.9,29.8,29.7
307,308,2021-11-04,93,84.7,77.0,75,72.5,68.0,94,68.8,46.0,12,7.1,2.0,29.9,29.8,29.7
308,309,2021-11-05,91,83.7,77.0,77,74.5,72.0,100,75.8,52.0,12,5.3,2.0,29.8,29.8,29.7
309,310,2021-11-06,95,84.5,77.0,77,74.7,72.0,100,74.0,47.0,9,4.7,2.0,29.8,29.7,29.6
310,311,2021-11-07,93,84.4,77.0,79,75.9,73.0,100,77.0,52.0,9,4.3,1.0,29.8,29.7,29.6
311,312,2021-11-08,93,85.7,79.0,77,74.6,70.0,94,71.0,49.0,14,7.2,1.0,29.8,29.7,29.7
312,313,2021-11-09,90,82.7,77.0,79,75.0,72.0,94,79.5,55.0,6,2.5,1.0,29.8,29.8,29.7
313,314,2021-11-10,91,83.4,77.0,77,73.7,70.0,94,74.1,49.0,9,5.4,1.0,29.8,29.8,29.7
314,315,2021-11-11,88,80.4,77.0,79,74.9,73.0,100,85.0,62.0,8,3.6,1.0,29.9,29.8,29.7
315,316,2021-11-12,93,82.3,75.0,79,73.8,73.0,100,80.1,62.0,9,3.9,1.0,29.9,29.8,29.7
316,317,2021-11-13,91,83.5,77.0,79,74.9,72.0,100,77.5,52.0,14,6.2,1.0,29.9,29.8,29.7
317,318,2021-11-14,86,80.3,77.0,77,75.3,73.0,100,86.2,66.0,8,3.5,1.0,29.9,29.8,29.7
318,319,2021-11-15,90,82.0,75.0,77,74.9,73.0,100,80.9,59.0,12,4.6,1.0,29.8,29.7,29.7
319,320,2021-11-16,90,81.9,77.0,77,75.0,73.0,100,80.9,62.0,9,4.2,1.0,29.8,29.1,29.7
320,321,2021-11-17,93,82.2,77.0,81,76.8,70.0,100,86.0,49.0,13,2.4,1.0,29.8,29.8,29.7
321,322,2021-11-18,90,81.9,77.0,79,76.3,73.0,100,84.5,59.0,8,2.9,1.0,29.8,29.7,29.7
322,323,2021-11-19,91,83.2,77.0,79,76.1,70.0,100,80.7,49.0,9,3.9,1.0,29.8,29.7,29.6
323,324,2021-11-20,88,81.0,77.0,79,77.3,75.0,100,89.4,66.0,10,3.1,1.0,29.8,29.7,29.6
324,325,2021-11-21,93,83.5,75.0,79,75.1,70.0,100,77.9,46.0,10,3.2,1.0,29.8,29.7,29.7
325,326,2021-11-22,90,83.7,79.0,77,75.9,73.0,94,78.5,62.0,16,7.8,1.0,29.8,29.8,29.7
326,327,2021-11-23,91,81.5,75.0,79,75.5,70.0,100,83.6,49.0,9,2.1,1.0,29.8,29.8,29.7
327,328,2021-11-24,93,83.3,75.0,77,73.0,68.0,100,73.8,44.0,8,2.4,1.0,29.8,29.8,29.7
328,329,2021-11-25,90,82.5,77.0,77,72.1,68.0,94,71.8,49.0,9,4.3,1.0,29.9,29.8,29.7
329,330,2021-11-26,90,82.0,75.0,73,69.4,68.0,83,66.1,52.0,13,4.8,1.0,29.8,29.8,29.7
330,331,2021-11-27,82,78.8,75.0,73,69.7,66.0,94,73.8,62.0,14,7.4,1.0,29.9,29.8,29.7
331,332,2021-11-28,90,80.4,75.0,79,73.4,70.0,100,80.7,55.0,8,3.3,1.0,29.8,29.7,29.7
332,333,2021-11-29,86,80.3,77.0,79,76.4,75.0,100,89.0,74.0,8,3.7,1.0,29.8,29.7,29.7
333,334,2021-11-30,84,79.0,77.0,77,75.3,73.0,100,89.3,70.0,13,5.1,1.0,29.8,29.8,29.7
334,335,2021-12-01,88,80.3,75.0,75,70.7,64.0,100,75.2,49.0,12,4.9,1.0,29.9,29.8,29.7
335,336,2021-12-02,88,79.2,72.0,70,65.7,63.0,83,65.0,43.0,8,3.7,1.0,29.9,29.8,29.8
336,337,2021-12-03,88,79.3,72.0,68,64.6,61.0,83,62.5,40.0,7,4.8,2.0,29.9,29.9,29.8
337,338,2021-12-04,84,75.9,70.0,64,61.3,57.0,83,61.5,42.0,8,4.5,1.0,29.9,29.9,29.8
338,339,2021-12-05,86,76.9,66.0,68,64.5,59.0,88,66.9,48.0,8,5.0,1.0,29.9,29.9,29.8
339,340,2021-12-06,88,80.0,70.0,75,68.7,64.0,94,70.3,46.0,9,4.3,1.0,29.9,29.8,29.8
340,341,2021-12-07,88,79.2,72.0,70,67.4,66.0,88,68.4,49.0,7,3.5,1.0,29.9,29.9,29.8
341,342,2021-12-08,90,81.2,70.0,75,67.8,63.0,94,66.4,40.0,7,3.0,1.0,29.9,29.9,29.8
342,343,2021-12-09,88,81.0,77.0,75,72.2,66.0,89,74.8,55.0,7,3.0,1.0,29.9,29.9,29.8
343,344,2021-12-10,91,80.9,72.0,73,65.0,61.0,89,60.0,38.0,9,4.3,1.0,29.9,29.9,29.8
344,345,2021-12-11,90,79.8,73.0,73,68.5,63.0,94,70.7,40.0,7,4.3,1.0,29.9,29.9,29.8
345,346,2021-12-12,90,81.2,73.0,75,71.7,68.0,100,74.4,52.0,8,3.5,1.0,29.9,29.8,29.8
346,347,2021-12-13,91,82.1,73.0,73,67.3,59.0,89,63.8,36.0,10,5.7,1.0,29.9,29.8,29.8
347,348,2021-12-14,90,81.6,73.0,75,68.5,66.0,84,66.2,46.0,7,4.5,1.0,29.8,29.8,29.7
348,349,2021-12-15,93,83.1,75.0,75,70.5,66.0,94,67.5,41.0,8,4.4,1.0,29.8,29.8,29.7
349,350,2021-12-16,90,84.2,79.0,77,75.1,72.0,94,75.4,59.0,6,2.4,1.0,29.9,29.8,29.7
350,351,2021-12-17,90,83.0,77.0,75,73.0,66.0,94,73.9,46.0,7,3.2,1.0,29.9,29.8,29.7
351,352,2021-12-18,91,81.9,72.0,73,65.5,59.0,94,60.2,38.0,13,6.1,1.0,29.9,29.8,29.7
352,353,2021-12-19,88,79.7,75.0,64,62.9,61.0,69,56.5,43.0,14,9.0,5.0,29.9,29.8,29.7
353,354,2021-12-20,88,79.8,73.0,72,67.4,64.0,83,66.6,49.0,9,4.8,1.0,29.9,29.9,29.8
354,355,2021-12-21,91,81.7,73.0,75,72.1,68.0,100,75.3,46.0,9,4.7,1.0,29.9,29.9,29.8
355,356,2021-12-22,88,80.2,77.0,77,74.2,72.0,94,83.3,58.0,9,4.0,1.0,29.9,29.2,29.8
356,357,2021-12-23,91,81.7,77.0,75,72.7,64.0,94,77.4,43.0,9,4.0,1.0,29.9,29.8,29.7
357,358,2021-12-24,91,78.7,73.0,77,72.0,66.0,100,83.0,43.0,13,3.4,1.0,29.9,29.8,29.8
358,359,2021-12-25,93,80.6,73.0,75,71.4,66.0,100,76.2,41.0,9,2.9,1.0,29.9,29.8,29.8
359,360,2021-12-26,90,82.3,75.0,75,72.8,68.0,94,74.7,49.0,7,3.6,1.0,29.9,29.9,29.8
360,361,2021-12-27,91,81.2,75.0,77,74.1,68.0,100,81.6,46.0,10,3.1,1.0,29.9,29.9,29.8
361,362,2021-12-28,88,80.7,73.0,77,74.5,70.0,100,83.3,55.0,9,3.0,1.0,29.9,29.9,29.8
362,363,2021-12-29,90,81.4,75.0,77,72.4,68.0,100,76.2,49.0,10,4.4,1.0,29.9,29.9,29.8
363,364,2021-12-30,91,82.3,73.0,68,65.9,64.0,83,59.5,41.0,12,7.5,2.0,29.9,29.9,29.8
364,365,2021-12-31,91,81.5,73.0,73,63.7,61.0,79,55.9,38.0,9,6.0,1.0,29.9,29.9,29.8
365,366,2022-01-01,91,81.5,73.0,72,64.9,61.0,74,58.0,38.0,9,5.0,2.0,29.9,29.9,29.8
366,367,2022-01-02,91,81.8,73.0,75,68.1,59.0,88,64.8,34.0,9,3.8,1.0,29.9,29.9,29.8
367,368,2022-01-03,90,81.5,75.0,75,69.0,63.0,89,68.0,40.0,8,3.8,1.0,29.9,29.8,29.8
368,369,2022-01-04,90,81.0,75.0,73,72.0,70.0,94,74.9,52.0,9,3.8,1.0,29.9,29.8,29.8
369,370,2022-01-05,90,81.9,75.0,73,71.6,70.0,89,71.6,52.0,7,3.7,1.0,29.9,29.8,29.8
370,371,2022-01-06,88,81.6,75.0,75,72.7,70.0,94,75.6,58.0,6,2.7,1.0,29.9,29.8,29.8
371,372,2022-01-07,91,83.1,79.0,75,71.8,66.0,89,70.0,49.0,12,3.6,1.0,29.9,29.9,29.8
372,373,2022-01-08,93,82.2,75.0,73,70.0,66.0,89,67.7,44.0,8,4.3,1.0,29.9,29.9,29.8
373,374,2022-01-09,91,81.4,73.0,75,70.0,64.0,94,70.1,41.0,12,4.2,1.0,29.9,29.8,29.7
374,375,2022-01-10,91,82.4,77.0,75,71.3,68.0,94,70.4,46.0,10,4.2,1.0,29.9,29.8,29.8
375,376,2022-01-11,93,82.3,75.0,72,68.2,57.0,89,64.4,31.0,12,5.0,1.0,29.9,29.9,29.8
376,377,2022-01-12,90,80.2,70.0,68,64.7,59.0,88,61.6,36.0,9,4.7,1.0,29.9,29.9,29.8
377,378,2022-01-13,88,78.9,70.0,72,66.8,63.0,100,68.6,43.0,9,4.0,1.0,30.0,29.9,29.8
378,379,2022-01-14,91,80.6,72.0,70,64.1,55.0,83,60.2,33.0,10,4.1,1.0,30.0,29.9,29.8
379,380,2022-01-15,93,77.1,72.0,72,64.8,55.0,100,67.2,33.0,9,3.7,1.0,29.9,29.2,29.8
380,381,2022-01-16,93,81.8,72.0,70,65.2,57.0,94,60.2,30.0,12,5.7,1.0,29.9,29.9,29.8
381,382,2022-01-17,90,81.8,75.0,72,67.5,64.0,83,62.8,46.0,8,3.6,1.0,29.9,29.9,29.8
382,383,2022-01-18,91,81.3,73.0,72,68.7,61.0,94,67.2,36.0,12,3.8,1.0,29.9,29.8,29.8
383,384,2022-01-19,90,80.9,73.0,73,68.1,64.0,100,67.3,43.0,12,4.7,1.0,29.9,29.8,29.7
384,385,2022-01-20,90,80.6,73.0,73,68.2,63.0,94,68.3,40.0,13,4.3,1.0,29.9,29.8,29.7
385,386,2022-01-21,93,81.3,72.0,72,67.6,64.0,94,65.4,38.0,14,4.6,1.0,29.9,29.8,29.7
386,387,2022-01-22,93,81.3,73.0,73,68.7,63.0,89,67.7,38.0,14,6.3,2.0,29.9,29.8,29.7
387,388,2022-01-23,91,82.0,77.0,73,71.0,66.0,89,70.7,46.0,10,6.0,2.0,29.9,29.8,29.7
388,389,2022-01-24,93,82.7,77.0,75,72.0,68.0,94,72.7,44.0,12,4.5,1.0,29.9,29.8,29.7
389,390,2022-01-25,88,81.8,77.0,73,72.6,72.0,89,74.5,58.0,12,6.3,1.0,29.9,29.8,29.7
390,391,2022-01-26,93,81.5,75.0,77,72.3,66.0,94,76.1,44.0,15,5.2,1.0,29.9,29.8,29.7
391,392,2022-01-27,95,81.9,73.0,77,70.5,57.0,100,73.0,28.0,13,4.7,1.0,29.9,29.8,29.7
392,393,2022-01-28,91,82.2,75.0,77,71.0,64.0,100,72.1,41.0,8,4.3,1.0,29.9,29.8,29.7
393,394,2022-01-29,91,82.3,77.0,75,73.3,66.0,94,76.7,43.0,9,5.8,1.0,29.9,29.8,29.7
394,395,2022-01-30,90,82.1,79.0,75,72.6,70.0,89,73.8,52.0,16,7.7,3.0,29.9,29.8,29.7
395,396,2022-01-31,93,83.3,77.0,72,68.4,61.0,83,63.2,34.0,14,8.6,2.0,29.9,29.8,29.7
396,397,2022-02-01,95,84.8,77.0,72,66.8,61.0,83,57.0,32.0,12,8.4,5.0,29.9,29.8,29.7
397,398,2022-02-02,95,84.6,75.0,70,66.8,61.0,83,57.1,34.0,13,8.6,2.0,29.9,29.8,29.8
398,399,2022-02-03,97,84.3,75.0,73,69.1,63.0,89,62.3,32.0,13,6.7,2.0,29.9,29.8,29.7
399,400,2022-02-04,95,83.7,75.0,73,70.2,63.0,94,66.1,36.0,9,4.3,2.0,29.9,29.8,29.7
400,401,2022-02-05,95,83.6,73.0,72,67.3,61.0,88,60.2,34.0,12,4.1,2.0,29.9,29.8,29.7
401,402,2022-02-06,93,83.5,73.0,72,65.4,61.0,78,56.0,34.0,13,5.0,2.0,29.9,29.8,29.8
402,403,2022-02-07,95,84.6,75.0,72,68.6,64.0,83,60.2,36.0,12,5.8,1.0,29.9,29.8,29.7
403,404,2022-02-08,93,83.9,81.0,77,69.5,66.0,89,62.8,44.0,13,7.4,3.0,29.9,29.8,29.7
404,405,2022-02-09,95,84.3,75.0,73,68.8,63.0,89,61.0,34.0,12,6.0,2.0,29.9,29.8,29.7
405,406,2022-02-10,95,85.0,77.0,72,67.9,61.0,83,58.2,32.0,13,6.3,2.0,29.9,29.8,29.7
406,407,2022-02-11,93,83.9,77.0,75,70.0,66.0,89,64.5,41.0,13,5.2,1.0,29.8,29.8,29.7
407,408,2022-02-12,97,84.8,77.0,73,67.7,59.0,89,59.0,28.0,10,5.8,1.0,29.8,29.7,29.6
408,409,2022-02-13,91,84.3,77.0,72,69.3,66.0,83,61.6,43.0,12,6.5,1.0,29.8,29.7,29.6
409,410,2022-02-14,95,84.5,79.0,73,71.0,66.0,83,65.8,39.0,12,6.3,2.0,29.8,29.7,29.6
410,411,2022-02-15,95,84.2,77.0,75,70.5,66.0,94,65.8,41.0,17,7.7,2.0,29.8,29.8,29.7
411,412,2022-02-16,93,84.5,79.0,73,69.4,64.0,83,62.0,38.0,15,8.9,3.0,29.8,29.7,29.6
412,413,2022-02-17,93,83.7,79.0,75,71.4,66.0,89,68.3,44.0,15,9.1,5.0,29.8,29.7,29.7
413,414,2022-02-18,93,84.3,79.0,75,71.4,66.0,89,67.3,44.0,13,9.0,5.0,29.8,29.8,29.7
414,415,2022-02-19,91,83.8,79.0,75,71.8,68.0,89,68.7,49.0,10,6.2,3.0,29.9,29.8,29.7
415,416,2022-02-20,91,83.1,79.0,75,73.4,72.0,89,74.2,52.0,13,7.2,3.0,29.9,29.8,29.7
416,417,2022-02-21,93,82.0,77.0,75,72.3,68.0,89,74.2,44.0,13,5.3,3.0,29.9,29.2,29.7
417,418,2022-02-22,90,79.9,77.0,75,73.4,70.0,94,82.3,52.0,14,4.3,3.0,29.9,29.8,29.8
418,419,2022-02-23,93,81.7,75.0,75,72.3,68.0,100,76.0,44.0,9,3.4,3.0,29.9,29.9,29.8
419,420,2022-02-24,91,82.0,75.0,75,66.3,61.0,94,61.4,40.0,10,5.9,1.0,29.9,29.9,29.8
420,421,2022-02-25,91,81.5,73.0,64,63.1,61.0,69,54.1,38.0,10,6.0,3.0,30.0,29.9,29.8
421,422,2022-02-26,95,83.6,73.0,73,65.3,61.0,79,56.4,32.0,10,5.4,2.0,29.9,29.9,29.8
422,423,2022-02-27,95,84.3,75.0,73,68.0,63.0,89,60.5,34.0,10,5.7,2.0,29.9,29.8,29.7
423,424,2022-02-28,95,84.7,75.0,73,68.1,61.0,94,60.5,34.0,12,6.2,2.0,29.9,29.8,29.7
424,425,2022-03-01,93,84.9,79.0,72,67.5,64.0,78,56.7,41.0,14,5.3,1.0,29.9,29.8,29.7
425,426,2022-03-02,93,83.5,79.0,75,69.5,64.0,84,63.8,44.0,12,4.5,1.0,29.9,29.8,29.7
426,427,2022-03-03,95,84.9,79.0,75,69.0,63.0,89,61.7,38.0,10,5.0,1.0,29.9,29.8,29.7
427,428,2022-03-04,95,85.2,77.0,70,67.5,64.0,78,56.3,39.0,13,5.8,1.0,29.9,29.8,29.7
428,429,2022-03-05,93,85.1,81.0,77,70.7,66.0,89,62.9,43.0,10,6.5,2.0,29.8,29.8,29.7
429,430,2022-03-06,97,85.7,75.0,73,69.3,63.0,94,60.9,32.0,12,7.8,3.0,29.8,29.8,29.7
430,431,2022-03-07,95,85.4,79.0,73,70.3,64.0,83,61.6,41.0,14,7.1,2.0,29.9,29.8,29.7
431,432,2022-03-08,97,84.8,77.0,72,67.2,57.0,83,57.8,28.0,10,5.3,1.0,29.9,29.8,29.7
432,433,2022-03-09,93,83.5,77.0,75,69.6,66.0,83,63.7,43.0,12,6.5,3.0,29.9,29.8,29.7
433,434,2022-03-10,88,81.3,75.0,72,69.2,66.0,83,67.2,51.0,10,5.2,3.0,29.8,29.8,29.7
434,435,2022-03-11,93,83.7,75.0,73,68.8,63.0,94,63.3,36.0,12,4.7,1.0,29.8,29.7,29.6
435,436,2022-03-12,91,82.0,77.0,79,73.2,68.0,94,76.7,46.0,15,4.3,1.0,29.8,29.7,29.7
436,437,2022-03-13,95,85.6,77.0,75,72.0,68.0,94,66.1,41.0,13,6.4,1.0,29.8,29.7,29.6
437,438,2022-03-14,95,85.1,81.0,77,72.8,70.0,89,67.9,44.0,13,8.5,3.0,29.8,29.7,29.6
438,439,2022-03-15,95,85.4,81.0,75,72.5,68.0,84,67.4,44.0,13,8.0,5.0,29.8,29.7,29.6
439,440,2022-03-16,91,84.5,79.0,73,71.3,68.0,83,66.2,46.0,13,7.8,3.0,29.8,29.7,29.6
440,441,2022-03-17,93,84.7,79.0,73,71.0,68.0,83,65.1,44.0,10,6.9,3.0,29.8,29.7,29.6
441,442,2022-03-18,93,85.3,79.0,77,73.2,68.0,89,69.1,46.0,12,6.8,1.0,29.8,29.7,29.6
442,443,2022-03-19,97,85.5,77.0,77,72.4,66.0,89,67.5,39.0,13,7.0,1.0,29.8,29.7,29.6
443,444,2022-03-20,93,84.4,79.0,81,74.4,72.0,100,73.6,49.0,18,7.0,1.0,29.8,29.7,29.7
444,445,2022-03-21,93,85.0,81.0,77,73.5,68.0,89,70.5,44.0,15,8.9,5.0,29.9,29.8,29.7
445,446,2022-03-22,91,83.2,79.0,79,75.7,72.0,100,79.3,52.0,13,7.4,1.0,29.9,29.8,29.7
446,447,2022-03-23,95,84.7,77.0,77,74.3,70.0,94,72.9,46.0,12,6.1,1.0,29.9,29.8,29.7
447,448,2022-03-24,95,86.0,81.0,77,74.3,70.0,89,69.8,46.0,13,8.0,1.0,29.9,29.8,29.7
448,449,2022-03-25,95,86.3,81.0,77,74.6,70.0,89,70.3,44.0,15,9.5,5.0,29.9,29.8,29.7
449,450,2022-03-26,97,87.1,81.0,77,73.0,66.0,89,65.8,37.0,9,5.3,2.0,29.9,29.8,29.7
450,451,2022-03-27,95,86.6,82.0,79,74.0,68.0,89,67.0,47.0,10,6.5,2.0,29.9,29.8,29.7
451,452,2022-03-28,97,84.6,75.0,77,74.0,68.0,100,73.7,39.0,24,5.2,1.0,29.9,29.8,29.7
452,453,2022-03-29,95,82.7,77.0,77,75.3,68.0,100,81.1,41.0,25,4.6,1.0,29.9,29.8,29.7
453,454,2022-03-30,93,84.0,75.0,75,72.5,68.0,94,71.0,46.0,13,6.2,1.0,29.8,29.7,29.6
454,455,2022-03-31,91,82.5,77.0,79,74.8,70.0,100,78.7,49.0,15,4.2,1.0,29.8,29.7,29.6
455,456,2022-04-01,90,82.3,75.0,79,75.5,73.0,100,81.4,59.0,14,7.9,2.0,29.9,29.8,29.7
456,457,2022-04-02,93,84.7,77.0,77,73.5,68.0,89,71.2,44.0,15,8.3,3.0,29.9,29.8,29.7
457,458,2022-04-03,95,82.3,75.0,77,71.2,64.0,94,72.9,36.0,13,7.0,3.0,29.9,29.8,29.7
458,459,2022-04-04,93,81.5,75.0,77,70.7,66.0,94,71.9,41.0,12,5.7,2.0,29.9,29.9,29.8
459,460,2022-04-05,93,81.6,75.0,77,71.9,68.0,94,74.3,46.0,14,4.6,1.0,29.9,29.9,29.8
460,461,2022-04-06,93,83.6,77.0,77,73.6,66.0,100,74.0,43.0,12,3.8,1.0,29.9,29.8,29.7
461,462,2022-04-07,91,83.9,77.0,77,71.8,66.0,89,68.9,43.0,10,4.6,1.0,29.9,29.8,29.7
462,463,2022-04-08,95,84.8,77.0,77,69.7,59.0,94,63.3,32.0,10,5.3,1.0,29.9,29.8,29.7
463,464,2022-04-09,93,84.8,79.0,77,71.1,64.0,89,66.9,38.0,10,5.6,1.0,29.8,29.8,29.7
464,465,2022-04-10,91,84.4,79.0,75,72.0,70.0,83,67.6,49.0,10,6.2,2.0,29.8,29.8,29.7
465,466,2022-04-11,91,84.2,79.0,77,72.4,68.0,84,69.3,46.0,10,7.4,3.0,29.8,29.8,29.7
466,467,2022-04-12,91,85.2,79.0,77,75.2,70.0,94,73.6,49.0,12,6.4,2.0,29.8,29.7,29.6
467,468,2022-04-13,95,86.0,81.0,79,73.9,68.0,89,68.9,41.0,21,6.6,3.0,29.8,29.7,29.6
468,469,2022-04-14,95,85.8,81.0,81,76.9,68.0,94,76.1,41.0,18,6.3,2.0,29.8,29.7,29.6
469,470,2022-04-15,93,83.6,75.0,81,76.8,73.0,100,80.5,56.0,15,6.1,2.0,29.8,29.7,29.6
470,471,2022-04-16,91,81.6,75.0,81,77.1,73.0,100,86.8,59.0,16,5.9,1.0,29.8,29.7,29.6
471,472,2022-04-17,93,84.4,77.0,77,74.5,68.0,94,74.1,46.0,15,7.8,1.0,29.8,29.7,29.7
472,473,2022-04-18,91,86.1,81.0,75,72.2,68.0,84,63.8,49.0,13,8.7,6.0,29.8,29.8,29.7
473,474,2022-04-19,95,85.9,79.0,73,71.7,68.0,83,63.9,44.0,10,5.1,2.0,29.9,29.8,29.7
474,475,2022-04-20,95,85.1,79.0,75,73.1,66.0,84,68.4,41.0,12,5.8,1.0,29.8,29.8,29.7
475,476,2022-04-21,95,86.5,79.0,75,72.2,70.0,83,63.1,44.0,13,8.8,3.0,29.8,29.8,29.7
476,477,2022-04-22,95,86.8,81.0,75,72.1,66.0,79,62.9,39.0,13,8.6,3.0,29.8,29.8,29.7
477,478,2022-04-23,95,86.1,81.0,77,74.7,72.0,89,70.3,47.0,13,8.3,3.0,29.8,29.7,29.7
478,479,2022-04-24,95,86.6,81.0,79,75.8,70.0,89,71.3,44.0,13,7.2,3.0,29.8,29.7,29.6
479,480,2022-04-25,93,86.7,82.0,79,76.0,72.0,89,71.3,52.0,13,7.6,3.0,29.8,29.7,29.6
480,481,2022-04-26,95,87.2,79.0,81,76.3,72.0,94,71.4,47.0,12,5.7,3.0,29.8,29.7,29.6
481,482,2022-04-27,97,88.1,81.0,81,76.6,72.0,94,70.8,44.0,13,4.3,3.0,29.8,29.7,29.6
482,483,2022-04-28,95,88.1,84.0,81,76.4,72.0,89,69.3,47.0,12,7.9,3.0,29.8,29.7,29.6
483,484,2022-04-29,84,80.2,73.0,79,77.0,73.0,100,90.1,74.0,9,4.5,1.0,29.8,29.7,29.6
484,485,2022-04-30,88,80.0,75.0,79,76.8,75.0,100,90.4,66.0,9,3.5,1.0,29.8,29.7,29.6
485,486,2022-05-01,90,81.5,77.0,81,78.0,73.0,100,89.2,62.0,14,4.2,1.0,29.7,29.7,29.6
486,487,2022-05-02,90,82.1,77.0,81,76.5,73.0,100,83.9,59.0,13,5.0,1.0,29.8,29.7,29.6
487,488,2022-05-03,93,83.0,77.0,79,75.8,72.0,100,81.0,49.0,14,6.1,1.0,29.8,29.8,29.6
488,489,2022-05-04,91,80.9,77.0,79,76.8,75.0,100,88.5,59.0,12,4.8,1.0,29.8,29.8,29.7
489,490,2022-05-05,90,82.2,75.0,79,76.1,75.0,100,83.0,62.0,10,5.2,1.0,29.8,29.7,29.6
490,491,2022-05-06,95,84.5,77.0,79,75.6,70.0,100,76.7,47.0,14,6.3,1.0,29.8,29.7,29.6
491,492,2022-05-07,93,85.9,82.0,77,73.5,70.0,84,66.9,46.0,17,10.3,5.0,29.8,29.7,29.6
492,493,2022-05-08,90,84.6,81.0,79,74.4,72.0,84,71.7,62.0,13,8.3,3.0,29.8,29.7,29.7
493,494,2022-05-09,95,86.4,81.0,77,75.2,70.0,89,70.7,44.0,15,9.5,2.0,29.8,29.7,29.7
494,495,2022-05-10,95,85.5,81.0,79,75.7,72.0,89,73.6,47.0,12,6.5,1.0,29.8,29.7,29.7
495,496,2022-05-11,95,86.1,81.0,79,76.8,70.0,94,74.7,47.0,15,5.7,1.0,29.8,29.7,29.6
496,497,2022-05-12,93,85.0,75.0,81,76.5,72.0,100,77.0,49.0,25,5.8,1.0,29.8,29.7,29.6
497,498,2022-05-13,95,85.4,81.0,81,77.2,73.0,100,77.7,49.0,14,5.5,2.0,29.8,29.7,29.6
498,499,2022-05-14,95,87.3,81.0,81,77.8,73.0,94,74.2,49.0,13,6.4,2.0,29.8,29.7,29.6
499,500,2022-05-15,97,86.9,82.0,81,78.6,73.0,94,76.8,49.0,15,6.6,2.0,29.8,29.7,29.6
500,501,2022-05-16,91,84.1,81.0,81,77.2,73.0,94,79.8,66.0,12,4.9,2.0,29.8,29.8,29.7
501,502,2022-05-17,91,83.7,77.0,79,76.3,72.0,100,80.0,55.0,17,5.3,2.0,29.8,29.8,29.7
502,503,2022-05-18,86,81.5,79.0,79,78.0,77.0,100,89.3,74.0,7,3.7,2.0,29.8,29.8,29.7
503,504,2022-05-19,91,81.8,77.0,79,77.6,73.0,100,88.1,59.0,14,2.8,2.0,29.9,29.8,29.7
504,505,2022-05-20,93,85.6,79.0,81,76.4,72.0,100,76.1,49.0,18,5.6,2.0,29.8,29.7,29.6
505,506,2022-05-21,91,82.9,77.0,81,77.1,73.0,100,83.6,55.0,18,7.4,1.0,29.7,29.7,29.6
506,507,2022-05-22,91,81.4,79.0,79,76.6,75.0,94,86.5,62.0,23,8.0,1.0,29.7,29.6,29.6
507,508,2022-05-23,88,81.8,77.0,79,75.0,72.0,94,80.6,62.0,17,9.4,1.0,29.7,29.7,29.6
508,509,2022-05-24,93,86.3,81.0,79,76.3,72.0,94,73.7,49.0,15,9.3,5.0,29.8,29.7,29.7
509,510,2022-05-25,93,86.5,81.0,81,77.3,72.0,100,75.1,49.0,13,8.4,5.0,29.8,29.7,29.6
510,511,2022-05-26,93,83.7,73.0,79,77.1,73.0,100,81.7,59.0,26,7.2,1.0,29.8,29.7,29.6
511,512,2022-05-27,93,80.8,75.0,81,76.4,73.0,100,87.4,59.0,23,6.8,1.0,29.7,29.7,29.6
512,513,2022-05-28,90,80.8,75.0,79,75.5,73.0,100,85.7,59.0,21,7.0,1.0,29.7,29.7,29.6
513,514,2022-05-29,90,81.7,77.0,79,76.4,75.0,94,84.5,66.0,17,7.0,1.0,29.7,29.7,29.6
514,515,2022-05-30,91,81.9,77.0,79,77.3,75.0,100,87.3,62.0,21,5.6,1.0,29.7,29.7,29.6
515,516,2022-05-31,93,85.6,79.0,81,77.4,73.0,94,77.8,52.0,12,5.0,1.0,29.7,29.7,29.6
516,517,2022-06-01,91,84.7,82.0,81,78.5,75.0,89,81.2,66.0,12,5.7,2.0,29.7,29.7,29.6
517,518,2022-06-02,90,81.0,73.0,81,77.2,73.0,100,88.3,66.0,14,5.9,2.0,29.8,29.7,29.7
518,519,2022-06-03,91,81.2,77.0,79,76.8,73.0,100,87.5,63.0,18,5.0,2.0,29.8,29.7,29.7
519,520,2022-06-04,91,82.0,79.0,81,75.7,72.0,100,82.1,59.0,21,5.2,2.0,29.8,29.8,29.7
520,521,2022-06-05,91,83.8,77.0,77,74.4,73.0,94,74.7,55.0,10,5.8,1.0,29.8,29.7,29.7
521,522,2022-06-06,95,85.3,79.0,81,77.5,75.0,94,78.2,56.0,13,7.7,5.0,29.7,29.7,29.6
522,523,2022-06-07,95,86.4,81.0,79,76.0,72.0,89,72.3,52.0,10,5.4,1.0,29.8,29.7,29.6
523,524,2022-06-08,95,87.6,81.0,79,74.8,72.0,89,67.6,47.0,8,4.8,1.0,29.8,29.7,29.6
524,525,2022-06-09,97,88.1,75.0,79,74.8,68.0,89,67.1,44.0,10,4.7,1.0,29.8,29.7,29.6
525,526,2022-06-10,95,85.2,79.0,82,76.0,72.0,94,76.1,49.0,14,4.9,1.0,29.8,29.7,29.6
526,527,2022-06-11,95,86.7,81.0,81,75.9,70.0,89,71.8,49.0,12,4.1,1.0,29.8,29.7,29.6
527,528,2022-06-12,93,81.5,77.0,79,74.8,68.0,94,82.0,55.0,24,4.5,1.0,29.8,29.8,29.7
528,529,2022-06-13,91,83.7,75.0,82,77.1,75.0,100,81.3,63.0,10,4.5,1.0,29.8,29.7,29.6
529,530,2022-06-14,93,86.1,79.0,79,75.7,72.0,89,72.5,49.0,12,5.3,1.0,29.8,29.7,29.7
530,531,2022-06-15,91,84.3,81.0,79,76.2,73.0,89,77.2,55.0,10,4.7,1.0,29.8,29.8,29.7
531,532,2022-06-16,93,85.8,79.0,79,75.8,72.0,94,73.5,52.0,14,3.8,1.0,29.8,29.8,29.7
532,533,2022-06-17,91,84.8,79.0,81,77.5,73.0,89,78.7,59.0,9,3.8,1.0,29.8,29.8,29.7
533,534,2022-06-18,93,84.2,79.0,81,76.0,72.0,89,77.4,59.0,16,5.2,1.0,29.8,29.8,29.7
534,535,2022-06-19,93,82.1,75.0,81,75.6,70.0,94,82.3,52.0,14,4.3,1.0,29.8,29.7,29.6
535,536,2022-06-20,93,82.5,77.0,82,75.8,70.0,94,81.8,52.0,13,4.8,1.0,29.7,29.7,29.6
536,537,2022-06-21,93,82.8,77.0,81,75.5,72.0,94,80.0,52.0,16,4.9,1.0,29.8,29.7,29.6
537,538,2022-06-22,91,81.1,75.0,81,76.2,70.0,94,86.2,55.0,17,3.8,1.0,29.8,29.7,29.7
538,539,2022-06-23,91,81.0,77.0,81,75.2,70.0,100,86.0,55.0,17,4.7,1.0,29.8,29.8,29.7
539,540,2022-06-24,91,80.7,75.0,81,77.0,73.0,100,89.3,66.0,20,4.4,1.0,29.8,29.7,29.6
540,541,2022-06-25,91,83.8,79.0,81,77.0,73.0,100,81.2,55.0,12,3.9,1.0,29.8,29.7,29.6
541,542,2022-06-26,93,85.1,81.0,81,75.9,73.0,89,75.2,52.0,13,3.8,1.0,29.8,29.7,29.6
542,543,2022-06-27,93,84.3,79.0,81,77.7,75.0,94,80.5,59.0,10,4.0,1.0,29.8,29.7,29.6
543,544,2022-06-28,91,82.7,73.0,81,76.5,70.0,94,82.3,63.0,15,5.7,1.0,29.8,29.7,29.6
544,545,2022-06-29,93,85.7,81.0,82,77.0,72.0,94,76.7,56.0,18,8.3,5.0,29.7,29.6,29.5
545,546,2022-06-30,91,83.3,79.0,82,77.3,72.0,94,82.9,63.0,16,9.8,3.0,29.7,29.6,29.6
546,547,2022-07-01,88,81.8,77.0,79,76.8,73.0,94,85.3,74.0,17,8.3,1.0,29.7,29.6,29.6
547,548,2022-07-02,86,82.4,81.0,81,77.0,75.0,89,84.2,79.0,18,8.7,2.0,29.7,29.6,29.6
548,549,2022-07-03,88,81.7,77.0,81,77.2,73.0,89,86.6,79.0,17,6.5,1.0,29.7,29.7,29.6
549,550,2022-07-04,91,83.5,79.0,81,77.7,73.0,94,82.8,66.0,22,7.7,3.0,29.7,29.7,29.6
550,551,2022-07-05,90,84.2,79.0,82,77.8,75.0,94,81.5,66.0,14,7.8,3.0,29.7,29.7,29.6
551,552,2022-07-06,93,84.5,81.0,81,78.1,75.0,94,81.5,59.0,20,8.2,2.0,29.8,29.7,29.6
552,553,2022-07-07,91,84.7,79.0,82,78.6,75.0,94,82.3,63.0,13,7.7,2.0,29.8,29.7,29.6
553,554,2022-07-08,90,81.9,77.0,81,77.7,73.0,94,87.5,74.0,18,6.2,1.0,29.8,29.7,29.6
554,555,2022-07-09,90,81.4,77.0,81,77.4,73.0,100,88.3,66.0,20,6.7,1.0,29.7,29.7,29.6
555,556,2022-07-10,88,79.6,75.0,79,75.0,73.0,100,86.7,70.0,18,9.8,2.0,29.7,29.7,29.6
556,557,2022-07-11,88,80.4,77.0,79,75.7,73.0,94,86.2,70.0,17,9.8,3.0,29.7,29.7,29.6
557,558,2022-07-12,84,79.9,77.0,79,77.2,75.0,100,92.1,79.0,14,8.1,2.0,29.7,29.6,29.6
558,559,2022-07-13,88,80.9,77.0,81,76.5,75.0,100,86.9,70.0,20,10.4,5.0,29.7,29.0,29.6
559,560,2022-07-14,90,81.7,77.0,79,76.3,75.0,100,84.4,66.0,16,8.0,2.0,29.7,29.6,29.6
560,561,2022-07-15,90,81.4,77.0,82,77.2,75.0,94,87.7,79.0,17,7.1,3.0,29.7,29.7,29.6
561,562,2022-07-16,91,83.0,79.0,81,77.7,75.0,94,84.7,63.0,18,7.4,2.0,29.8,29.7,29.7
562,563,2022-07-17,91,83.1,79.0,81,77.6,73.0,94,84.4,62.0,17,8.6,5.0,29.8,29.7,29.7
563,564,2022-07-18,91,83.9,79.0,81,77.3,72.0,94,81.6,63.0,18,7.0,5.0,29.8,29.1,29.7
564,565,2022-07-19,90,81.6,77.0,81,76.8,72.0,94,86.3,66.0,16,6.1,5.0,29.7,29.7,29.6
565,566,2022-07-20,86,78.4,77.0,81,76.0,75.0,100,92.7,84.0,14,4.7,5.0,29.8,29.7,29.6
566,567,2022-07-21,84,78.3,77.0,81,76.7,75.0,100,95.1,89.0,22,4.2,1.0,29.9,29.8,29.7
567,568,2022-07-22,95,83.2,75.0,82,75.4,70.0,100,79.6,44.0,15,4.1,1.0,29.8,29.8,29.7
568,569,2022-07-23,91,82.1,77.0,79,76.2,72.0,94,83.6,59.0,16,3.9,1.0,29.8,29.8,29.7
569,570,2022-07-24,93,84.1,77.0,81,76.7,73.0,100,79.8,52.0,12,5.1,1.0,29.8,29.7,29.6
570,571,2022-07-25,95,85.3,79.0,81,77.5,75.0,94,78.0,56.0,13,5.8,1.0,29.8,29.7,29.6
571,572,2022-07-26,90,83.5,77.0,81,77.5,73.0,94,82.5,66.0,13,4.3,1.0,29.8,29.7,29.6
572,573,2022-07-27,91,82.9,77.0,81,76.4,73.0,94,81.8,62.0,9,4.0,1.0,29.8,29.7,29.6
573,574,2022-07-28,91,82.8,77.0,81,76.9,73.0,100,83.4,66.0,20,4.1,1.0,29.8,29.7,29.6
574,575,2022-07-29,95,84.7,77.0,81,76.8,73.0,94,78.3,55.0,12,5.8,1.0,29.8,29.7,29.6
575,576,2022-07-30,93,85.0,81.0,81,78.0,72.0,94,79.7,59.0,17,7.5,2.0,29.7,29.7,29.6
576,577,2022-07-31,93,84.8,79.0,82,78.1,73.0,94,81.3,59.0,21,7.8,2.0,29.7,29.6,29.6
577,578,2022-08-01,91,81.7,77.0,82,77.8,73.0,94,88.6,70.0,15,4.8,2.0,29.8,29.7,29.6
578,579,2022-08-02,90,83.1,79.0,81,77.8,72.0,100,84.9,62.0,18,5.3,2.0,29.8,29.7,29.6
579,580,2022-08-03,91,83.2,77.0,82,77.8,73.0,94,84.6,63.0,18,5.9,1.0,29.8,29.1,29.6
580,581,2022-08-04,88,81.1,77.0,81,77.7,73.0,100,89.8,74.0,10,4.3,1.0,29.8,29.7,29.6
581,582,2022-08-05,90,82.2,77.0,82,77.7,73.0,100,86.9,70.0,13,5.7,1.0,29.8,29.7,29.6
582,583,2022-08-06,86,80.7,75.0,81,76.5,73.0,100,87.5,74.0,18,7.3,1.0,29.8,29.7,29.6
583,584,2022-08-07,86,80.8,77.0,81,76.2,73.0,94,86.7,74.0,16,8.4,3.0,29.7,29.7,29.6
584,585,2022-08-08,86,80.0,75.0,81,75.1,72.0,94,85.8,79.0,25,8.1,1.0,29.7,29.7,29.6
585,586,2022-08-09,90,81.5,77.0,79,74.6,70.0,94,80.8,62.0,18,9.3,2.0,29.7,29.7,29.6
586,587,2022-08-10,90,83.2,79.0,81,76.0,73.0,94,79.9,62.0,21,12.3,1.0,29.7,29.7,29.6
587,588,2022-08-11,88,79.5,77.0,79,73.8,72.0,89,83.8,70.0,20,7.9,1.0,29.8,29.7,29.7
588,589,2022-08-12,91,82.2,75.0,81,75.9,72.0,94,82.4,59.0,17,4.5,1.0,29.8,29.7,29.7
589,590,2022-08-13,93,85.2,79.0,81,74.0,68.0,94,71.3,46.0,9,5.0,1.0,29.8,29.7,29.7
590,591,2022-08-14,93,85.3,79.0,81,75.6,72.0,94,73.8,52.0,10,5.9,2.0,29.8,29.7,29.6
591,592,2022-08-15,90,81.1,73.0,81,77.0,72.0,100,87.7,70.0,22,5.8,2.0,29.8,29.7,29.6
592,593,2022-08-16,90,80.3,77.0,84,78.2,75.0,100,93.8,84.0,17,4.6,2.0,29.8,29.7,29.6
593,594,2022-08-17,90,82.2,77.0,82,76.8,72.0,94,84.4,62.0,17,6.5,1.0,29.8,29.7,29.7
594,595,2022-08-18,91,83.9,79.0,79,76.4,73.0,94,79.1,55.0,20,6.6,2.0,29.8,29.7,29.6
595,596,2022-08-19,93,83.7,79.0,79,76.0,73.0,94,78.7,59.0,16,7.2,2.0,29.8,29.7,29.6
596,597,2022-08-20,91,83.3,79.0,79,76.6,73.0,89,80.7,63.0,26,8.6,1.0,29.7,29.7,29.6
597,598,2022-08-21,90,83.2,79.0,79,76.0,73.0,89,79.9,62.0,16,7.8,3.0,29.8,29.7,29.6
598,599,2022-08-22,95,84.2,79.0,79,75.5,73.0,94,77.0,52.0,10,6.6,2.0,29.8,29.7,29.6
599,600,2022-08-23,93,84.2,77.0,79,76.5,73.0,100,79.0,59.0,16,6.1,1.0,29.8,29.7,29.6
600,601,2022-08-24,91,83.0,77.0,79,74.7,72.0,94,77.7,59.0,15,5.2,1.0,29.8,29.7,29.6
601,602,2022-08-25,90,81.6,77.0,77,74.8,73.0,94,81.7,59.0,16,7.8,2.0,29.8,29.7,29.6
602,603,2022-08-26,90,80.2,75.0,77,74.6,73.0,100,84.8,62.0,18,6.6,1.0,29.9,29.8,29.7
603,604,2022-08-27,93,82.9,75.0,77,74.0,72.0,94,77.1,52.0,10,4.6,1.0,29.8,29.7,29.6
604,605,2022-08-28,93,82.5,77.0,79,76.0,73.0,100,82.6,55.0,8,2.6,1.0,29.8,29.7,29.6
605,606,2022-08-29,93,84.7,77.0,79,75.9,75.0,94,76.4,56.0,12,6.8,1.0,29.8,29.7,29.7
606,607,2022-08-30,93,84.3,75.0,79,77.0,73.0,94,79.3,56.0,17,6.0,2.0,29.8,29.7,29.6
607,608,2022-08-31,91,82.8,77.0,79,75.7,73.0,100,81.0,55.0,12,4.5,2.0,29.8,29.7,29.6
608,609,2022-09-01,93,84.4,77.0,81,76.0,73.0,100,77.8,52.0,12,2.6,2.0,29.8,29.7,29.6
609,610,2022-09-02,91,82.2,75.0,81,76.9,73.0,100,84.7,63.0,13,4.4,2.0,29.8,29.7,29.6
610,611,2022-09-03,93,83.2,77.0,81,75.9,75.0,94,79.8,56.0,18,5.3,2.0,29.8,29.7,29.6
611,612,2022-09-04,90,82.6,77.0,79,76.4,73.0,94,82.7,66.0,22,7.9,2.0,29.8,29.7,29.7
612,613,2022-09-05,91,82.6,77.0,79,76.0,73.0,94,82.0,62.0,15,6.4,2.0,29.8,29.7,29.7
613,614,2022-09-06,90,81.8,77.0,79,76.2,73.0,94,84.6,59.0,17,7.0,2.0,29.8,29.7,29.6
614,615,2022-09-07,84,78.9,77.0,77,75.5,73.0,100,90.3,74.0,16,5.0,2.0,29.8,29.8,29.7
615,616,2022-09-08,88,81.5,77.0,77,74.4,72.0,94,80.5,62.0,15,8.9,2.0,29.9,29.8,29.7
616,617,2022-09-09,93,84.5,77.0,79,75.8,73.0,94,76.7,55.0,12,4.8,1.0,29.9,29.8,29.7
617,618,2022-09-10,93,85.5,79.0,79,77.0,73.0,100,77.1,52.0,13,5.3,1.0,29.8,29.8,29.7
618,619,2022-09-11,93,82.8,77.0,79,76.3,73.0,100,81.8,55.0,13,4.3,1.0,29.8,29.8,29.7
619,620,2022-09-12,91,81.1,77.0,77,75.9,73.0,100,85.5,59.0,8,3.8,1.0,29.8,29.7,29.7
620,621,2022-09-13,91,83.2,77.0,79,76.7,75.0,100,82.0,59.0,12,4.5,1.0,29.8,29.8,29.7
621,622,2022-09-14,91,82.5,77.0,79,76.4,73.0,94,82.9,63.0,18,8.3,1.0,29.9,29.8,29.7
622,623,2022-09-15,90,82.9,77.0,79,75.5,73.0,94,79.2,66.0,20,9.9,3.0,29.9,29.8,29.7
623,624,2022-09-16,91,82.8,75.0,79,77.0,73.0,100,83.8,59.0,20,7.5,1.0,29.8,29.7,29.6
624,625,2022-09-17,91,83.4,79.0,79,77.3,75.0,94,82.5,59.0,18,6.3,1.0,29.8,29.7,29.6
625,626,2022-09-18,90,83.0,79.0,79,76.3,75.0,94,81.9,62.0,21,6.5,1.0,29.8,29.8,29.7
626,627,2022-09-19,91,81.3,75.0,79,76.4,73.0,100,86.0,59.0,13,4.9,1.0,29.8,29.7,29.7
627,628,2022-09-20,90,81.8,77.0,79,76.6,75.0,100,85.2,62.0,16,5.7,1.0,29.8,29.7,29.6
628,629,2022-09-21,93,82.9,77.0,79,76.5,75.0,100,82.2,56.0,14,6.8,2.0,29.8,29.7,29.6
629,630,2022-09-22,90,82.2,79.0,77,76.5,75.0,94,83.7,62.0,16,8.1,3.0,29.8,29.7,29.7
630,631,2022-09-23,91,83.2,77.0,79,76.5,75.0,100,81.7,59.0,15,5.7,3.0,29.8,29.7,29.6
631,632,2022-09-24,90,82.1,79.0,79,77.0,75.0,94,85.4,66.0,10,4.3,3.0,29.8,29.7,29.6
632,633,2022-09-25,90,81.1,75.0,79,76.8,75.0,100,87.7,70.0,24,5.2,1.0,29.8,29.7,29.6
633,634,2022-09-26,90,78.7,75.0,79,75.6,73.0,100,90.9,66.0,16,4.7,1.0,29.8,29.7,29.7
634,635,2022-09-27,86,79.0,73.0,79,75.5,73.0,100,89.8,74.0,15,7.1,1.0,29.7,29.7,29.6
635,636,2022-09-28,88,80.2,77.0,79,76.4,75.0,100,89.2,70.0,25,13.0,3.0,29.6,29.6,29.5
636,637,2022-09-29,86,78.7,75.0,79,76.2,75.0,100,92.8,74.0,22,8.7,3.0,29.8,29.7,29.6
637,638,2022-09-30,88,81.6,77.0,81,77.5,77.0,100,88.0,70.0,14,6.3,2.0,29.8,29.7,29.7
638,639,2022-10-01,91,81.8,75.0,79,77.3,75.0,100,87.3,62.0,17,4.8,2.0,29.8,29.8,29.7
639,640,2022-10-02,90,81.3,77.0,81,77.2,75.0,100,88.2,66.0,13,4.4,1.0,29.8,29.7,29.7
640,641,2022-10-03,90,83.0,77.0,79,77.1,75.0,100,82.9,66.0,14,6.5,1.0,29.8,29.7,29.6
641,642,2022-10-04,90,83.3,77.0,79,76.8,73.0,100,82.0,62.0,15,6.0,2.0,29.8,29.8,29.7
642,643,2022-10-05,91,83.5,77.0,79,76.4,75.0,94,80.2,62.0,12,6.3,1.0,29.9,29.8,29.7
643,644,2022-10-06,88,81.5,77.0,79,77.3,75.0,100,87.6,70.0,12,5.3,2.0,29.9,29.8,29.7
644,645,2022-10-07,93,82.9,77.0,79,77.4,73.0,100,84.6,52.0,18,3.7,1.0,29.8,29.8,29.7
645,646,2022-10-08,84,78.8,77.0,79,77.1,75.0,100,95.0,84.0,9,4.5,1.0,29.9,29.8,29.7
646,647,2022-10-09,88,80.8,75.0,81,77.8,75.0,100,90.6,74.0,9,3.8,1.0,29.9,29.8,29.7
647,648,2022-10-10,90,81.1,75.0,81,76.7,73.0,100,87.6,66.0,13,3.7,1.0,29.9,29.8,29.7
648,649,2022-10-11,90,80.2,75.0,81,76.6,73.0,100,89.5,62.0,8,3.6,1.0,29.9,29.8,29.7
649,650,2022-10-12,91,83.6,77.0,79,76.2,73.0,100,80.2,55.0,8,4.6,1.0,29.8,29.8,29.7
650,651,2022-10-13,91,83.5,77.0,79,74.8,70.0,100,77.0,49.0,15,6.0,1.0,29.8,29.7,29.6
651,652,2022-10-14,88,81.6,77.0,77,74.7,70.0,94,80.5,62.0,13,5.9,2.0,29.7,29.7,29.6
652,653,2022-10-15,86,79.3,73.0,73,72.5,72.0,100,80.4,62.0,10,5.9,2.0,29.8,29.7,29.6
653,654,2022-10-16,91,80.6,72.0,77,72.9,70.0,100,79.1,52.0,8,5.4,2.0,29.8,29.8,29.7
654,655,2022-10-17,93,83.3,75.0,77,75.6,73.0,100,79.2,55.0,10,5.5,1.0,29.8,29.8,29.7
655,656,2022-10-18,93,83.3,77.0,79,76.5,73.0,100,81.8,55.0,9,4.9,1.0,29.8,29.7,29.7
656,657,2022-10-19,84,78.6,75.0,79,77.2,75.0,100,95.5,84.0,10,5.4,1.0,29.8,29.8,29.7
657,658,2022-10-20,84,79.7,75.0,79,76.8,75.0,100,91.4,79.0,12,6.7,2.0,29.9,29.8,29.8
658,659,2022-10-21,91,83.6,77.0,79,76.7,73.0,100,81.0,59.0,13,5.4,2.0,29.9,29.8,29.7
659,660,2022-10-22,91,84.1,79.0,81,77.5,75.0,100,81.8,59.0,9,4.2,1.0,29.9,29.8,29.7
660,661,2022-10-23,91,82.5,77.0,79,77.6,75.0,100,86.4,59.0,12,3.5,1.0,29.9,29.8,29.7
661,662,2022-10-24,95,83.1,73.0,81,77.2,72.0,100,84.2,49.0,15,4.2,1.0,29.9,29.8,29.7
662,663,2022-10-25,90,81.3,75.0,81,77.7,75.0,100,89.1,74.0,9,5.2,1.0,29.9,29.8,29.7
663,664,2022-10-26,91,83.7,77.0,81,78.5,77.0,100,84.8,66.0,10,4.3,1.0,29.8,29.8,29.7
664,665,2022-10-27,90,80.5,77.0,81,78.1,75.0,100,92.6,70.0,9,4.5,1.0,29.8,29.8,29.7
665,666,2022-10-28,86,81.2,77.0,81,78.0,75.0,100,90.1,74.0,8,3.4,1.0,29.8,29.7,29.6
666,667,2022-10-29,91,81.8,75.0,79,74.0,72.0,89,78.6,52.0,9,4.7,1.0,29.8,29.7,29.6
667,668,2022-10-30,91,83.9,79.0,75,72.8,70.0,89,70.5,49.0,12,5.6,1.0,29.8,29.7,29.6
668,669,2022-10-31,93,83.5,75.0,79,72.3,66.0,94,70.7,43.0,10,5.4,1.0,29.8,29.7,29.6
669,670,2022-11-01,90,82.6,77.0,79,75.9,72.0,100,81.8,58.0,9,5.0,2.0,29.8,29.8,29.7
670,671,2022-11-02,88,81.4,77.0,79,75.7,73.0,100,84.1,62.0,10,3.8,2.0,29.9,29.8,29.7
671,672,2022-11-03,84,78.8,75.0,77,75.0,73.0,100,89.2,74.0,8,4.2,2.0,29.9,29.8,29.8
672,673,2022-11-04,86,79.2,75.0,79,75.9,73.0,100,90.7,70.0,9,3.5,2.0,29.9,29.9,29.8
673,674,2022-11-05,91,81.7,75.0,79,74.7,68.0,100,81.5,52.0,10,4.7,2.0,29.9,29.9,29.8
674,675,2022-11-06,91,81.7,75.0,79,75.8,73.0,100,84.1,55.0,9,3.2,1.0,29.9,29.9,29.8
675,676,2022-11-07,91,81.6,75.0,81,78.0,75.0,100,89.0,66.0,10,3.2,1.0,29.9,29.8,29.8
676,677,2022-11-08,91,83.4,77.0,81,77.0,70.0,100,82.5,52.0,9,3.7,1.0,29.9,29.8,29.7
677,678,2022-11-09,93,84.3,77.0,79,77.3,73.0,100,80.5,55.0,8,3.0,1.0,29.9,29.8,29.7
678,679,2022-11-10,95,83.7,77.0,81,78.5,73.0,100,86.2,53.0,7,2.9,1.0,29.9,29.8,29.7
679,680,2022-11-11,91,84.6,79.0,81,78.3,75.0,100,82.1,59.0,10,4.3,1.0,29.9,29.8,29.7
680,681,2022-11-12,91,82.3,79.0,81,77.6,73.0,100,87.0,55.0,14,3.5,1.0,29.8,29.8,29.7
681,682,2022-11-13,90,82.1,77.0,81,78.3,77.0,100,88.6,70.0,13,5.7,1.0,29.8,29.8,29.7
682,683,2022-11-14,91,82.9,77.0,81,77.6,73.0,100,84.8,59.0,12,5.0,1.0,29.8,29.8,29.7
683,684,2022-11-15,91,82.6,77.0,79,77.3,75.0,100,84.7,59.0,15,4.5,1.0,29.8,29.8,29.7
684,685,2022-11-16,93,82.8,75.0,81,77.2,73.0,100,84.7,52.0,17,4.3,1.0,29.8,29.7,29.7
685,686,2022-11-17,91,82.7,77.0,81,77.3,73.0,100,85.2,59.0,12,3.3,1.0,29.8,29.7,29.6
686,687,2022-11-18,91,83.2,77.0,81,78.6,75.0,100,86.7,59.0,13,4.9,1.0,29.8,29.8,29.7
687,688,2022-11-19,82,79.0,77.0,79,76.7,75.0,100,93.2,79.0,12,4.7,1.0,29.8,29.7,29.6
688,689,2022-11-20,81,78.5,77.0,79,76.8,75.0,100,94.9,89.0,9,4.0,1.0,29.7,29.7,29.6
689,690,2022-11-21,84,79.2,75.0,79,76.9,75.0,100,93.0,79.0,6,2.9,1.0,29.7,29.6,29.6
690,691,2022-11-22,84,79.3,75.0,81,78.0,75.0,100,95.6,84.0,13,2.9,1.0,29.7,29.7,29.6
691,692,2022-11-23,86,79.5,77.0,82,78.2,77.0,100,95.8,79.0,15,6.2,1.0,29.8,29.7,29.7
692,693,2022-11-24,86,80.3,77.0,81,78.4,75.0,100,93.5,79.0,14,8.0,2.0,29.9,29.8,29.7
693,694,2022-11-25,90,82.5,77.0,81,78.0,75.0,100,86.7,70.0,12,7.3,3.0,29.9,29.8,29.7
694,695,2022-11-26,91,80.5,77.0,79,75.7,75.0,100,84.4,70.0,15,4.8,1.0,29.9,29.8,29.7
695,696,2022-11-27,91,83.5,79.0,79,77.7,77.0,94,83.3,63.0,12,7.7,3.0,29.8,29.8,29.7
696,697,2022-11-28,91,83.7,79.0,79,78.0,75.0,100,83.8,59.0,10,6.8,3.0,29.8,29.8,29.7
697,698,2022-11-29,91,84.4,79.0,79,75.6,72.0,94,76.2,52.0,12,6.7,1.0,29.9,29.8,29.7
698,699,2022-11-30,93,84.5,77.0,79,76.1,70.0,100,77.1,49.0,9,4.3,1.0,29.9,29.8,29.7
699,700,2022-12-01,91,84.8,79.0,81,76.5,68.0,100,77.7,46.0,13,3.8,1.0,29.8,29.7,29.7
700,701,2022-12-02,93,82.5,75.0,77,73.5,70.0,100,76.3,46.0,25,7.4,1.0,29.8,29.7,29.6
701,702,2022-12-03,90,80.3,73.0,79,75.0,73.0,100,86.0,59.0,17,6.2,1.0,29.8,29.7,29.6
702,703,2022-12-04,91,81.5,73.0,77,74.2,72.0,100,80.5,55.0,13,6.6,1.0,29.8,29.8,29.7
703,704,2022-12-05,91,83.5,75.0,79,76.2,72.0,100,80.2,52.0,9,4.4,1.0,29.9,29.8,29.7
704,705,2022-12-06,93,82.8,77.0,79,76.4,72.0,100,82.7,49.0,12,3.7,1.0,29.8,29.8,29.7
705,706,2022-12-07,90,80.8,77.0,79,76.6,73.0,100,88.3,62.0,6,3.0,1.0,29.8,29.8,29.7
706,707,2022-12-08,93,83.5,75.0,79,75.6,68.0,100,79.0,46.0,9,3.2,1.0,29.8,29.7,29.7
707,708,2022-12-09,91,82.8,77.0,79,75.5,72.0,100,80.5,52.0,8,4.0,1.0,29.8,29.7,29.7
708,709,2022-12-10,90,81.6,75.0,77,75.5,72.0,100,82.8,59.0,9,4.2,1.0,29.8,29.8,29.7
709,710,2022-12-11,91,81.8,75.0,77,74.1,68.0,100,79.8,46.0,13,5.1,1.0,29.9,29.8,29.7
710,711,2022-12-12,90,81.3,73.0,75,71.4,63.0,100,74.8,40.0,12,5.6,2.0,29.9,29.8,29.8
711,712,2022-12-13,91,80.4,72.0,73,67.0,57.0,94,67.0,33.0,12,4.9,1.0,29.9,29.8,29.7
712,713,2022-12-14,88,79.8,73.0,75,72.7,68.0,100,79.7,55.0,8,3.2,1.0,29.9,29.8,29.8
713,714,2022-12-15,91,80.9,72.0,77,72.0,68.0,94,75.4,49.0,6,3.5,1.0,29.8,29.8,29.7
714,715,2022-12-16,91,83.8,77.0,79,76.1,72.0,100,79.4,55.0,8,4.9,1.0,29.8,29.7,29.7
715,716,2022-12-17,88,82.4,77.0,77,73.5,70.0,94,75.7,55.0,10,6.1,2.0,29.8,29.7,29.7
716,717,2022-12-18,90,81.3,75.0,70,66.1,61.0,78,61.0,43.0,17,11.4,6.0,29.8,29.8,29.7
717,718,2022-12-19,90,79.7,72.0,72,65.5,61.0,78,63.3,43.0,9,5.4,1.0,29.9,29.8,29.7
718,719,2022-12-20,90,80.8,72.0,75,69.8,66.0,88,70.8,49.0,8,4.2,1.0,29.8,29.7,29.6
719,720,2022-12-21,91,81.8,75.0,79,74.0,70.0,94,79.6,49.0,9,4.2,1.0,29.8,29.7,29.7
720,721,2022-12-22,90,81.6,75.0,77,72.3,66.0,100,75.6,49.0,12,4.7,1.0,29.8,29.7,29.7
721,722,2022-12-23,90,79.1,70.0,75,63.7,55.0,100,62.8,33.0,10,5.8,3.0,29.9,29.8,29.7
722,723,2022-12-24,86,76.5,66.0,64,62.6,59.0,88,63.2,43.0,10,5.1,3.0,29.9,29.8,29.8
723,724,2022-12-25,86,77.1,70.0,70,62.7,59.0,88,62.0,40.0,8,4.2,1.0,29.9,29.9,29.8
724,725,2022-12-26,88,78.2,68.0,73,66.9,57.0,100,71.3,37.0,10,4.3,1.0,30.0,29.9,29.9
725,726,2022-12-27,84,77.3,70.0,72,69.6,66.0,94,77.6,55.0,7,2.9,1.0,30.0,29.9,29.8
726,727,2022-12-28,90,79.5,70.0,73,68.4,61.0,100,72.9,38.0,8,3.6,1.0,29.9,29.9,29.8
727,728,2022-12-29,91,81.8,75.0,77,71.4,63.0,94,73.5,40.0,8,4.5,1.0,29.9,29.9,29.8
728,729,2022-12-30,88,81.1,75.0,77,73.3,66.0,100,79.1,51.0,9,4.6,1.0,30.0,29.9,29.8
729,730,2022-12-31,86,78.6,73.0,70,64.7,63.0,78,62.8,48.0,9,5.7,2.0,30.0,29.9,29.8
730,731,2023-01-01,88,79.6,73.0,72,67.4,64.0,83,66.9,51.0,9,5.7,2.0,30.0,29.9,29.8
731,732,2023-01-02,90,80.1,73.0,77,72.9,68.0,94,79.7,58.0,7,3.7,1.0,30.0,29.9,29.8
732,733,2023-01-03,91,82.5,75.0,77,72.1,66.0,100,73.2,46.0,12,6.1,1.0,29.9,29.9,29.8
733,734,2023-01-04,91,81.8,75.0,70,68.0,66.0,83,64.1,46.0,14,8.8,2.0,29.9,29.8,29.8
734,735,2023-01-05,84,78.5,73.0,72,69.1,68.0,88,72.7,62.0,16,10.8,7.0,29.9,29.8,29.8
735,736,2023-01-06,86,78.3,72.0,70,67.3,66.0,94,70.3,51.0,15,9.2,3.0,29.9,29.8,29.8
736,737,2023-01-07,84,78.4,75.0,68,66.2,66.0,73,66.3,55.0,14,8.6,6.0,29.9,29.8,29.7
737,738,2023-01-08,86,78.6,73.0,73,69.2,66.0,89,73.2,55.0,8,4.0,1.0,29.9,29.8,29.8
738,739,2023-01-09,88,80.2,75.0,77,75.0,73.0,100,85.8,62.0,13,5.2,1.0,29.9,29.8,29.8
739,740,2023-01-10,84,79.3,75.0,79,75.1,73.0,100,87.9,74.0,14,7.4,1.0,29.9,29.8,29.8
740,741,2023-01-11,86,80.9,77.0,75,73.4,73.0,94,79.3,66.0,12,6.7,1.0,29.9,29.8,29.8
741,742,2023-01-12,88,81.7,77.0,75,74.1,73.0,94,79.3,62.0,10,7.7,2.0,29.9,29.8,29.8
742,743,2023-01-13,90,82.1,75.0,79,75.3,72.0,100,81.7,55.0,8,4.9,1.0,29.9,29.8,29.7
743,744,2023-01-14,93,83.6,77.0,79,75.7,72.0,100,78.8,49.0,8,4.4,1.0,29.8,29.8,29.7
744,745,2023-01-15,93,83.5,77.0,79,72.4,64.0,100,73.1,38.0,12,4.6,1.0,29.8,29.7,29.7
745,746,2023-01-16,93,83.3,77.0,77,73.7,64.0,94,75.7,41.0,12,5.4,1.0,29.9,29.8,29.7
746,747,2023-01-17,91,81.4,73.0,75,72.2,64.0,100,76.1,43.0,13,4.3,1.0,29.9,29.8,29.8
747,748,2023-01-18,90,81.0,73.0,75,68.5,64.0,94,66.8,46.0,12,4.2,1.0,29.9,29.9,29.8
748,749,2023-01-19,91,81.8,73.0,77,68.0,63.0,84,64.7,43.0,10,5.2,1.0,29.9,29.8,29.8
749,750,2023-01-20,91,81.6,73.0,77,71.9,68.0,89,73.4,49.0,8,4.6,1.0,29.9,29.8,29.8
750,751,2023-01-21,93,84.0,73.0,77,71.3,66.0,89,67.6,41.0,8,3.8,1.0,29.9,29.8,29.7
751,752,2023-01-22,91,84.0,77.0,79,74.0,70.0,100,73.1,49.0,13,3.8,1.0,29.8,29.8,29.7
752,753,2023-01-23,93,84.6,77.0,77,73.6,68.0,94,71.7,46.0,12,4.5,1.0,29.8,29.8,29.7
753,754,2023-01-24,95,82.8,75.0,77,71.6,63.0,100,72.2,34.0,13,5.4,1.0,29.9,29.8,29.7
754,755,2023-01-25,90,79.8,73.0,72,66.4,61.0,83,64.7,38.0,9,5.4,1.0,29.9,29.8,29.7
755,756,2023-01-26,90,80.4,73.0,75,65.7,63.0,84,62.0,40.0,9,4.5,1.0,29.9,29.8,29.7
756,757,2023-01-27,91,81.6,75.0,79,72.5,64.0,94,75.6,49.0,9,4.1,1.0,29.9,29.8,29.7
757,758,2023-01-28,90,80.8,73.0,73,64.7,61.0,78,59.3,43.0,13,6.9,1.0,29.8,29.8,29.7
758,759,2023-01-29,88,78.2,73.0,66,62.8,61.0,69,58.9,43.0,10,5.6,1.0,29.9,29.8,29.7
759,760,2023-01-30,86,77.3,70.0,72,64.6,57.0,83,65.3,51.0,9,6.0,1.0,29.9,29.8,29.8
760,761,2023-01-31,91,80.8,70.0,73,69.7,66.0,94,71.4,43.0,10,4.3,1.0,29.9,29.8,29.7
761,762,2023-02-01,88,81.3,75.0,75,72.2,66.0,94,75.3,52.0,8,4.6,1.0,29.8,29.8,29.7
762,763,2023-02-02,90,82.1,77.0,81,74.5,72.0,100,79.3,58.0,13,5.1,1.0,29.9,29.8,29.7
763,764,2023-02-03,93,84.9,77.0,75,71.4,68.0,89,65.7,44.0,14,7.6,2.0,29.9,29.8,29.7
764,765,2023-02-04,97,84.3,75.0,73,70.0,64.0,94,64.3,37.0,14,7.7,1.0,29.9,29.8,29.7
765,766,2023-02-05,95,83.2,73.0,73,69.8,64.0,94,66.2,36.0,10,5.5,1.0,29.9,29.8,29.7
766,767,2023-02-06,93,84.1,77.0,73,70.6,66.0,89,65.0,41.0,13,7.8,2.0,29.9,29.8,29.7
767,768,2023-02-07,93,83.9,79.0,75,72.5,70.0,84,69.8,46.0,14,8.6,5.0,29.9,29.8,29.7
768,769,2023-02-08,95,84.2,77.0,77,72.4,68.0,89,69.8,41.0,12,5.0,5.0,29.9,29.8,29.7
769,770,2023-02-09,95,85.0,79.0,73,70.8,68.0,83,63.2,41.0,15,9.3,3.0,29.9,29.8,29.7
770,771,2023-02-10,95,84.6,77.0,73,68.4,63.0,79,60.2,34.0,15,8.9,2.0,29.9,29.8,29.7
771,772,2023-02-11,95,83.9,77.0,75,72.0,68.0,89,69.7,41.0,14,8.1,2.0,29.9,29.8,29.7
772,773,2023-02-12,93,84.1,77.0,77,72.9,72.0,94,70.4,49.0,13,6.5,1.0,29.9,29.8,29.7
773,774,2023-02-13,91,83.5,79.0,77,74.4,72.0,89,75.5,52.0,14,7.7,1.0,29.9,29.8,29.7
774,775,2023-02-14,91,82.2,77.0,77,74.2,72.0,100,78.5,52.0,14,5.8,1.0,29.9,29.8,29.7
775,776,2023-02-15,95,83.7,77.0,73,71.0,64.0,89,67.4,36.0,12,5.5,1.0,29.9,29.8,29.8
776,777,2023-02-16,93,82.0,72.0,73,67.9,59.0,94,64.9,34.0,13,3.8,1.0,29.9,29.8,29.8
777,778,2023-02-17,93,83.0,73.0,73,68.5,63.0,83,63.1,38.0,10,5.5,1.0,29.9,29.8,29.7
778,779,2023-02-18,91,82.0,77.0,77,73.9,70.0,89,78.3,52.0,12,4.4,1.0,29.9,29.8,29.7
779,780,2023-02-19,93,82.4,77.0,77,73.2,68.0,94,76.2,44.0,14,5.1,1.0,29.9,29.8,29.7
780,781,2023-02-20,91,81.7,75.0,75,71.5,64.0,100,74.7,43.0,13,4.6,1.0,29.9,29.8,29.7
781,782,2023-02-21,93,82.0,73.0,75,69.6,63.0,94,69.3,36.0,13,4.8,1.0,29.9,29.8,29.8
782,783,2023-02-22,91,81.6,73.0,73,70.1,64.0,94,70.7,41.0,10,4.2,1.0,29.9,29.8,29.8
783,784,2023-02-23,91,82.3,75.0,73,70.5,66.0,94,69.2,46.0,13,4.1,1.0,29.9,29.8,29.7
784,785,2023-02-24,93,81.8,75.0,75,70.6,63.0,94,71.6,36.0,14,5.1,1.0,29.9,29.8,29.7
785,786,2023-02-25,91,81.0,73.0,72,67.3,61.0,89,64.8,38.0,12,3.9,1.0,30.0,29.9,29.8
786,787,2023-02-26,93,82.0,72.0,70,63.4,59.0,78,54.7,32.0,10,6.4,2.0,30.0,29.9,29.9
787,788,2023-02-27,95,82.0,72.0,73,65.3,61.0,79,57.9,34.0,13,5.3,1.0,30.0,29.9,29.9
788,789,2023-02-28,93,83.3,75.0,75,69.7,64.0,84,65.0,38.0,9,5.0,2.0,30.0,29.9,29.8
789,790,2023-03-01,95,84.2,77.0,77,72.3,66.0,94,70.0,39.0,15,4.8,2.0,30.0,29.9,29.8
790,791,2023-03-02,95,84.3,75.0,73,70.5,66.0,89,64.5,41.0,10,5.3,2.0,30.0,29.9,29.8
791,792,2023-03-03,91,82.0,73.0,72,67.7,63.0,83,63.0,43.0,12,5.5,2.0,30.0,29.9,29.9
792,793,2023-03-04,90,80.7,72.0,73,66.7,63.0,94,64.5,40.0,9,4.1,1.0,30.0,29.9,29.9
793,794,2023-03-05,93,80.8,72.0,72,63.5,55.0,83,58.6,28.0,10,5.2,1.0,30.0,29.9,29.9
794,795,2023-03-06,90,80.1,72.0,70,65.7,63.0,83,62.5,43.0,16,5.8,1.0,30.0,29.9,29.8
795,796,2023-03-07,93,80.8,70.0,70,66.0,59.0,94,62.9,32.0,13,5.3,1.0,30.0,29.9,29.8
796,797,2023-03-08,93,81.0,72.0,72,67.2,61.0,94,65.7,36.0,13,4.9,1.0,30.0,29.9,29.8
797,798,2023-03-09,93,79.3,72.0,72,65.4,61.0,89,63.1,36.0,12,6.0,1.0,29.9,29.2,29.8
798,799,2023-03-10,91,80.3,72.0,72,68.8,63.0,94,70.0,38.0,13,5.8,1.0,29.9,29.8,29.8
799,800,2023-03-11,93,81.3,73.0,72,69.6,63.0,94,69.1,41.0,14,6.6,1.0,29.9,29.9,29.8
800,801,2023-03-12,91,81.4,75.0,72,69.7,63.0,89,69.1,40.0,12,7.0,2.0,29.9,29.9,29.8
801,802,2023-03-13,91,81.9,73.0,73,67.4,59.0,94,63.6,34.0,13,5.0,2.0,29.9,29.9,29.8
802,803,2023-03-14,93,81.9,73.0,72,66.2,57.0,94,62.7,30.0,13,5.1,2.0,29.9,29.8,29.7
803,804,2023-03-15,91,80.4,73.0,72,69.1,63.0,89,70.9,38.0,12,7.3,3.0,29.9,29.8,29.8
804,805,2023-03-16,95,85.3,77.0,72,67.0,63.0,78,56.2,34.0,15,8.4,3.0,29.9,29.9,29.8
805,806,2023-03-17,95,83.2,75.0,73,70.4,66.0,89,67.0,39.0,13,6.7,2.0,29.9,29.8,29.8
806,807,2023-03-18,93,83.5,77.0,72,71.2,68.0,83,67.0,44.0,13,7.7,2.0,29.9,29.8,29.7
807,808,2023-03-19,97,85.4,79.0,73,70.9,66.0,83,63.6,37.0,13,9.2,3.0,29.9,29.8,29.7
808,809,2023-03-20,93,84.5,79.0,75,73.1,70.0,89,70.3,46.0,14,7.9,2.0,29.9,29.8,29.7
809,810,2023-03-21,95,84.5,79.0,77,74.7,70.0,89,74.8,49.0,13,7.2,2.0,29.8,29.8,29.7
810,811,2023-03-22,95,84.2,79.0,77,74.7,70.0,94,75.3,49.0,13,7.4,2.0,29.8,29.7,29.7
811,812,2023-03-23,93,84.8,79.0,77,75.2,70.0,94,74.7,49.0,10,6.7,3.0,29.8,29.8,29.7
812,813,2023-03-24,95,84.9,79.0,77,75.8,73.0,94,76.0,49.0,15,7.0,2.0,29.9,29.8,29.7
813,814,2023-03-25,91,84.1,79.0,77,74.9,72.0,94,76.0,52.0,12,7.5,5.0,29.9,29.8,29.7
814,815,2023-03-26,97,85.1,77.0,77,74.4,64.0,100,73.0,44.0,13,5.8,1.0,29.9,29.8,29.7
815,816,2023-03-27,93,85.2,81.0,79,75.8,72.0,89,75.0,49.0,14,7.9,3.0,29.9,29.8,29.7
816,817,2023-03-28,97,86.3,81.0,79,76.2,72.0,94,73.4,44.0,15,10.6,5.0,29.9,29.8,29.7
817,818,2023-03-29,97,86.2,79.0,77,71.9,64.0,89,64.7,36.0,13,7.5,3.0,29.9,29.8,29.7
818,819,2023-03-30,93,85.1,81.0,77,74.7,72.0,89,72.4,52.0,15,7.8,3.0,29.8,29.8,29.7
819,820,2023-03-31,91,84.6,81.0,77,75.5,73.0,89,75.5,55.0,12,8.4,5.0,29.9,29.8,29.7
820,821,2023-04-01,93,84.4,81.0,79,76.2,75.0,89,77.4,59.0,12,7.4,3.0,29.9,29.8,29.7
821,822,2023-04-02,97,85.5,77.0,79,74.9,68.0,100,73.2,39.0,13,6.3,2.0,29.8,29.8,29.6
822,823,2023-04-03,95,84.5,79.0,79,76.4,72.0,94,77.8,47.0,12,5.8,1.0,29.8,29.8,29.7
823,824,2023-04-04,97,86.3,79.0,79,76.9,72.0,94,75.2,44.0,14,6.3,1.0,29.8,29.7,29.6
824,825,2023-04-05,95,86.3,81.0,79,76.9,72.0,94,74.6,49.0,14,7.6,3.0,29.8,29.8,29.7
825,826,2023-04-06,95,86.5,79.0,79,76.9,72.0,94,74.8,49.0,13,6.0,3.0,29.9,29.8,29.7
826,827,2023-04-07,95,86.7,82.0,79,76.6,73.0,89,72.8,49.0,13,8.7,3.0,29.9,29.8,29.7
827,828,2023-04-08,99,87.8,81.0,79,74.8,66.0,94,68.1,35.0,10,7.9,3.0,29.9,29.9,29.8
828,829,2023-04-09,97,87.2,82.0,79,76.7,70.0,89,72.3,41.0,14,5.7,1.0,29.9,29.8,29.7
829,830,2023-04-10,95,86.1,79.0,79,77.5,73.0,100,76.3,49.0,12,5.1,1.0,29.9,29.8,29.7
830,831,2023-04-11,93,86.2,82.0,79,77.3,75.0,89,75.3,56.0,10,6.8,3.0,29.9,29.8,29.7
831,832,2023-04-12,95,86.0,81.0,81,78.9,75.0,94,79.4,53.0,10,6.2,3.0,29.8,29.8,29.7
832,833,2023-04-13,97,87.5,82.0,81,79.3,75.0,94,77.2,50.0,12,6.2,2.0,29.9,29.8,29.6
833,834,2023-04-14,95,87.8,84.0,82,80.7,77.0,89,79.8,56.0,12,6.5,2.0,29.8,29.7,29.6
834,835,2023-04-15,95,86.2,73.0,84,80.2,73.0,100,82.8,59.0,14,7.3,2.0,29.8,29.7,29.6
835,836,2023-04-16,95,83.9,77.0,81,78.5,75.0,100,84.5,56.0,10,4.6,2.0,29.8,29.7,29.6
836,837,2023-04-17,93,86.1,81.0,81,80.1,77.0,100,82.0,63.0,13,7.6,2.0,29.8,29.8,29.7
837,838,2023-04-18,93,86.3,82.0,81,77.9,73.0,94,76.5,52.0,13,7.2,5.0,29.9,29.8,29.7
838,839,2023-04-19,93,86.4,82.0,81,79.5,77.0,94,79.7,59.0,12,6.3,1.0,29.8,29.7,29.6
839,840,2023-04-20,97,87.5,82.0,84,80.2,75.0,94,79.6,53.0,10,7.8,3.0,29.7,29.6,29.6
840,841,2023-04-21,97,87.9,82.0,84,81.3,75.0,100,82.3,50.0,13,7.9,3.0,29.8,29.7,29.6
841,842,2023-04-22,97,88.8,84.0,82,80.7,75.0,94,79.0,50.0,13,7.9,5.0,29.8,29.7,29.6
842,843,2023-04-23,97,88.1,82.0,82,78.0,70.0,94,73.7,41.0,12,7.8,3.0,29.8,29.7,29.7
843,844,2023-04-24,99,87.7,81.0,81,78.3,72.0,94,74.8,42.0,13,6.2,1.0,29.9,29.8,29.7
844,845,2023-04-25,99,88.5,82.0,79,76.3,66.0,89,69.3,35.0,12,8.7,3.0,29.8,29.7,29.6
845,846,2023-04-26,95,87.7,82.0,79,76.4,72.0,84,69.8,47.0,12,6.7,1.0,29.8,29.7,29.7
846,847,2023-04-27,97,88.3,82.0,79,76.5,70.0,89,69.0,41.0,14,7.1,2.0,29.8,29.7,29.7
847,848,2023-04-28,97,88.2,82.0,79,76.5,72.0,89,69.3,44.0,14,8.3,3.0,29.8,29.8,29.6
848,849,2023-04-29,95,88.0,82.0,81,77.3,73.0,89,71.5,49.0,12,8.3,3.0,29.8,29.7,29.7
849,850,2023-04-30,99,87.6,81.0,81,78.3,75.0,94,74.8,47.0,15,7.0,2.0,29.8,29.7,29.6
850,851,2023-05-01,99,87.7,77.0,79,75.7,70.0,100,69.7,39.0,13,7.3,3.0,29.8,29.7,29.7
851,852,2023-05-02,99,89.4,82.0,77,74.3,70.0,84,62.5,39.0,14,8.3,3.0,29.8,29.8,29.7
852,853,2023-05-03,99,89.8,84.0,79,75.2,70.0,79,63.6,41.0,13,9.3,5.0,29.9,29.8,29.7
853,854,2023-05-04,97,88.6,84.0,81,76.9,68.0,89,69.6,44.0,14,8.7,3.0,29.8,29.7,29.6
854,855,2023-05-05,95,88.5,82.0,82,79.6,75.0,94,75.2,56.0,13,6.4,2.0,29.7,29.7,29.6
855,856,2023-05-06,100,90.4,82.0,84,79.0,72.0,94,71.9,39.0,13,7.6,5.0,29.7,29.6,29.5
856,857,2023-05-07,97,88.8,84.0,84,81.2,77.0,94,79.1,53.0,13,8.8,5.0,29.7,29.6,29.6
857,858,2023-05-08,95,85.1,77.0,82,79.3,73.0,100,84.4,53.0,18,7.3,1.0,29.8,29.7,29.6
858,859,2023-05-09,91,82.3,79.0,81,78.7,75.0,100,89.3,66.0,14,4.3,1.0,29.8,29.7,29.6
859,860,2023-05-10,97,86.2,79.0,82,79.3,75.0,100,81.2,53.0,14,5.4,1.0,29.8,29.7,29.7
860,861,2023-05-11,93,86.5,82.0,82,80.7,79.0,94,82.0,66.0,10,5.4,1.0,29.9,29.8,29.7
861,862,2023-05-12,93,85.2,81.0,81,79.9,77.0,100,83.7,63.0,17,6.3,2.0,29.9,29.8,29.7
862,863,2023-05-13,95,86.6,81.0,84,80.4,77.0,100,81.9,56.0,12,5.3,1.0,29.9,29.8,29.7
863,864,2023-05-14,97,88.1,82.0,82,78.9,73.0,94,74.8,50.0,14,7.7,2.0,29.9,29.8,29.7
864,865,2023-05-15,97,86.3,81.0,81,78.3,73.0,100,77.8,50.0,14,5.0,2.0,29.9,29.8,29.7
865,866,2023-05-16,93,84.5,77.0,82,80.1,75.0,100,86.3,66.0,25,5.8,1.0,29.9,29.8,29.7
866,867,2023-05-17,95,85.6,81.0,84,80.8,75.0,100,85.6,56.0,15,5.2,1.0,29.9,29.8,29.7
867,868,2023-05-18,97,87.3,79.0,84,79.2,75.0,100,78.4,50.0,13,6.7,1.0,29.9,29.8,29.7
868,869,2023-05-19,97,89.0,82.0,82,79.4,72.0,94,74.7,44.0,15,7.8,3.0,29.8,29.7,29.6
869,870,2023-05-20,93,86.1,75.0,84,80.1,73.0,94,82.7,63.0,28,7.5,2.0,29.8,29.7,29.7
870,871,2023-05-21,91,82.4,77.0,84,79.3,75.0,100,90.9,75.0,21,5.5,1.0,29.8,29.8,29.7
871,872,2023-05-22,95,83.8,77.0,81,79.1,75.0,100,86.2,56.0,16,5.5,1.0,29.9,29.8,29.7
872,873,2023-05-23,95,86.3,81.0,82,79.4,75.0,100,80.7,53.0,13,6.8,1.0,29.8,29.8,29.7
873,874,2023-05-24,95,86.6,82.0,82,79.6,75.0,94,80.2,53.0,16,7.9,3.0,29.8,29.8,29.7
874,875,2023-05-25,95,86.2,82.0,82,79.9,77.0,94,81.1,59.0,15,6.7,3.0,29.8,29.8,29.7
875,876,2023-05-26,91,83.0,79.0,82,79.8,77.0,100,89.5,71.0,13,6.2,2.0,29.8,29.8,29.7
876,877,2023-05-27,90,79.7,73.0,81,77.8,73.0,100,94.5,75.0,13,4.7,1.0,29.8,29.7,29.7
877,878,2023-05-28,90,81.9,77.0,82,78.8,77.0,100,90.7,75.0,15,4.8,1.0,29.8,29.7,29.6
878,879,2023-05-29,93,84.0,81.0,81,79.6,79.0,100,86.7,66.0,13,5.9,1.0,29.8,29.7,29.7
879,880,2023-05-30,93,85.0,79.0,82,79.6,75.0,100,84.1,56.0,18,8.0,1.0,29.8,29.7,29.6
880,881,2023-05-31,93,84.2,81.0,84,80.3,79.0,100,88.0,63.0,20,9.6,1.0,29.8,29.7,29.6
